CustomerID;Region;Sales;Discount;Date;ProductID;Quantity;Return;CustomerType;SalesChannel;PaymentMethod;SatisfactionScore;ProductCategory;Столбец5;Столбец1;Month2;Столбец2;Столбец3;Столбец4
1001;East;21708.779878885798;;2024-02-27 03:21:48.108108104;164;16;0;VIP;Online;Credit Card;3;Electronics;27.02.2024 3:21;45349,14014;1900-01;0;;
1002;West;29380.854196079432;5.0;2024-05-09 22:40:43.243243240;156;22;0;New;In-Store;Bank Transfer;6;Sports;09.05.2024 22:40;45421,94494;1900-01;0;;
1003;North;24752.11919093025;15.0;2024-05-01 00:05:45.945945944;192;85;0;New;In-Store;Credit Card;2;Health & Beauty;01.05.2024 0:05;45413,00399;1900-01;0;;
1004;East;17115.481721687986;5.0;2024-08-25 20:59:49.189189184;198;54;0;Returning;Direct;Cash;10;Sports;25.08.2024 20:59;45529,87487;1900-01;0;;
1005;East;15507.92664325821;;2024-05-31 15:48:28.108108104;139;21;0;New;In-Store;Credit Card;1;Sports;31.05.2024 15:48;45443,65866;1900-01;0;;
1006;nan;22459.595857532528;15.0;2024-08-11 19:47:44.864864864;113;72;0;New;Online;Credit Card;1;Home & Kitchen;11.08.2024 19:47;45515,82481;1900-01;0;;
1007;North;13398.833964896789;;2024-08-19 11:43:25.405405400;134;16;1;New;Direct;Cash;5;Books;19.08.2024 11:43;45523,48848;1900-01;0;;
1008;North;29157.293829271766;5.0;2024-04-06 02:19:49.189189184;147;59;0;Returning;Online;Cash;4;Books;06.04.2024 2:19;45388,09709;1900-01;0;;
1009;East;25897.200603606434;15.0;2023-01-16 07:51:21.081081081;183;31;0;New;Direct;Credit Card;1;Toys;16.01.2023 7:51;44942,32733;1900-01;0;;
1010;South;17654.121739476475;5.0;2024-05-29 02:29:54.594594592;155;42;0;VIP;Direct;Cash;4;Sports;29.05.2024 2:29;45441,1041;1900-01;0;;
1011;East;11434.327354545612;;2024-06-28 02:52:58.378378376;148;74;0;Returning;In-Store;Cash;3;Books;28.06.2024 2:52;45471,12012;1900-01;0;;
1012;East;26769.361870827066;;2024-02-28 10:01:04.864864864;112;32;0;Returning;Online;Cash;2;Health & Beauty;28.02.2024 10:01;45350,41741;1900-01;0;;
1013;East;19427.30077373691;5.0;2023-12-08 16:07:12.432432432;160;59;0;VIP;Direct;Cash;9;Clothing;08.12.2023 16:07;45268,67167;1900-01;0;;
1014;East;0;15.0;2024-05-02 06:45:02.702702704;148;34;0;VIP;In-Store;Cash;1;Health & Beauty;02.05.2024 6:45;45414,28127;1900-01;0;;
1015;West;12027.861706028165;5.0;2023-02-07 16:18:44.324324324;145;9;0;VIP;Direct;Cash;7;Electronics;07.02.2023 16:18;44964,67968;1900-01;0;;
1016;nan;0;;2023-10-25 14:32:04.324324324;161;81;0;New;Direct;Bank Transfer;4;Books;25.10.2023 14:32;45224,6056;1900-01;0;;
1017;West;20026.218498590915;5.0;2023-10-04 12:43:57.837837836;107;11;0;VIP;Direct;Credit Card;5;Books;04.10.2023 12:43;45203,53052;1900-01;0;;
1018;West;20234.90296882371;;2024-07-14 17:23:36.216216216;142;96;0;New;Direct;Cash;10;Toys;14.07.2024 17:23;45487,72472;1900-01;0;;
1019;West;17749.672642603782;5.0;2023-02-11 12:16:34.594594594;119;10;0;Returning;Direct;Credit Card;5;Sports;11.02.2023 12:16;44968,5115;1900-01;0;;
1020;East;23114.249661737493;15.0;2024-08-03 12:32:25.945945944;196;86;0;Returning;Direct;Bank Transfer;1;Clothing;03.08.2024 12:32;45507,52251;1900-01;0;;
1021;South;14661.897853087028;15.0;2023-12-27 04:36:45.405405404;189;17;0;VIP;In-Store;Cash;6;Books;27.12.2023 4:36;45287,19219;1900-01;0;;
1022;North;19288.10257489353;5.0;2024-08-15 00:25:56.756756752;138;68;0;New;Direct;Credit Card;9;Toys;15.08.2024 0:25;45519,01801;1900-01;0;;
1023;South;20601.478158559494;5.0;2023-03-09 01:22:09.729729729;184;48;0;VIP;Online;Cash;2;Toys;09.03.2023 1:22;44994,05705;1900-01;0;;
1024;West;22572.194170293744;15.0;2023-03-02 16:05:45.945945946;148;52;1;VIP;In-Store;Cash;7;Clothing;02.03.2023 16:05;44987,67066;1900-01;0;;
1025;West;23558.07439044445;;2024-09-22 08:04:19.459459456;163;25;0;New;Online;Cash;6;Health & Beauty;22.09.2024 8:04;45557,33633;1900-01;0;;
1026;South;14376.789540810654;15.0;2024-03-14 17:52:25.945945944;161;21;0;VIP;Direct;Cash;5;Health & Beauty;14.03.2024 17:52;45365,74473;1900-01;0;;
1027;South;12329.429146321889;;2023-12-18 06:01:48.108108108;153;65;0;Returning;Online;Cash;4;Health & Beauty;18.12.2023 6:01;45278,25125;1900-01;0;;
1028;South;26388.384109492545;5.0;2023-04-17 15:39:49.189189188;108;63;0;VIP;Direct;Cash;4;Home & Kitchen;17.04.2023 15:39;45033,65265;1900-01;0;;
1029;West;21661.57005989796;5.0;2023-01-27 04:25:13.513513513;187;89;0;New;Direct;Cash;6;Sports;27.01.2023 4:25;44953,18418;1900-01;0;;
1030;West;16257.567317217232;;2024-07-14 17:23:36.216216216;136;51;0;New;In-Store;Bank Transfer;4;Sports;14.07.2024 17:23;45487,72472;1900-01;0;;
1031;North;27755.759877612614;5.0;2023-03-07 18:42:52.972972973;148;36;0;Returning;In-Store;Bank Transfer;5;Health & Beauty;07.03.2023 18:42;44992,77977;1900-01;0;;
1032;North;20578.373171464293;;2024-06-23 00:15:51.351351352;140;81;0;New;Direct;Cash;6;Clothing;23.06.2024 0:15;45466,01101;1900-01;0;;
1033;West;25896.48592031913;10.0;2023-05-10 15:26:50.810810810;116;88;0;New;In-Store;Cash;5;Home & Kitchen;10.05.2023 15:26;45056,64363;1900-01;0;;
1034;South;0;15.0;2023-11-28 10:52:58.378378376;187;66;0;Returning;Online;Bank Transfer;7;Sports;28.11.2023 10:52;45258,45345;1900-01;0;;
1035;South;30303.739624409936;10.0;2024-09-14 00:49:00.540540536;120;15;0;VIP;In-Store;Bank Transfer;9;Health & Beauty;14.09.2024 0:49;45549,03403;1900-01;0;;
1036;North;28776.70421221602;;2023-06-29 10:58:44.324324324;150;96;0;Returning;In-Store;Bank Transfer;10;Home & Kitchen;29.06.2023 10:58;45106,45745;1900-01;0;;
1037;West;18755.179257604632;15.0;2024-08-02 05:53:09.189189184;158;39;0;VIP;Online;Cash;7;Clothing;02.08.2024 5:53;45506,24524;1900-01;0;;
1038;North;24857.854754771775;;2023-01-27 19:44:51.891891892;138;70;0;Returning;In-Store;Credit Card;7;Health & Beauty;27.01.2023 19:44;44953,82281;1900-01;0;;
1039;North;23226.879747925737;15.0;2024-08-27 03:39:05.945945944;154;1;0;VIP;Direct;Credit Card;4;Electronics;27.08.2024 3:39;45531,15214;1900-01;0;;
1040;East;26843.157787661745;15.0;2023-03-11 14:40:43.243243243;140;23;0;Returning;Online;Credit Card;1;Books;11.03.2023 14:40;44996,61161;1900-01;0;;
1041;East;15175.382697099478;15.0;2024-09-21 16:44:41.081081080;138;39;0;VIP;Direct;Credit Card;8;Clothing;21.09.2024 16:44;45556,6977;1900-01;0;;
1042;East;23430.257299992198;15.0;2023-05-14 11:24:41.081081080;112;57;1;Returning;Online;Cash;4;Toys;14.05.2023 11:24;45060,47547;1900-01;0;;
1043;South;25292.12243424794;;2024-04-22 16:50:27.027027024;163;81;1;VIP;Direct;Credit Card;1;Toys;22.04.2024 16:50;45404,7017;1900-01;0;;
1044;West;11206.302567884428;15.0;2024-07-07 16:47:34.054054048;110;34;0;Returning;Direct;Bank Transfer;5;Clothing;07.07.2024 16:47;45480,6997;1900-01;0;;
1045;West;0;15.0;2024-06-14 01:40:54.054054048;118;41;0;New;In-Store;Bank Transfer;8;Toys;14.06.2024 1:40;45457,07007;1900-01;0;;
1046;West;9803.839111199497;10.0;2023-01-31 15:42:42.162162162;110;93;0;VIP;Direct;Credit Card;4;Sports;31.01.2023 15:42;44957,65465;1900-01;0;;
1047;West;18652.96582777721;5.0;2023-03-14 19:18:55.135135135;176;73;0;Returning;In-Store;Bank Transfer;8;Clothing;14.03.2023 19:18;44999,8048;1900-01;0;;
1048;East;23587.711278979812;5.0;2023-04-09 08:24:30.270270270;145;13;0;VIP;Online;Cash;8;Electronics;09.04.2023 8:24;45025,35035;1900-01;0;;
1049;South;27511.78526048014;10.0;2024-02-18 20:06:29.189189188;144;70;0;VIP;Direct;Credit Card;3;Clothing;18.02.2024 20:06;45340,83784;1900-01;0;;
1050;South;20370.473902098875;10.0;2023-11-17 14:19:05.945945944;100;6;0;Returning;Direct;Credit Card;9;Health & Beauty;17.11.2023 14:19;45247,59659;1900-01;0;;
1051;East;28143.07772785646;;2024-03-08 23:55:40.540540536;139;84;0;VIP;Online;Cash;3;Health & Beauty;08.03.2024 23:55;45359,99699;1900-01;0;;
1052;South;13099.492708925543;;2024-06-15 08:20:10.810810808;118;52;0;Returning;Online;Bank Transfer;1;Home & Kitchen;15.06.2024 8:20;45458,34734;1900-01;0;;
1053;East;11483.087803224227;;2024-03-29 10:24:08.648648648;175;3;0;New;Direct;Cash;2;Toys;29.03.2024 10:24;45380,43343;1900-01;0;;
1054;West;19722.261505516904;10.0;2024-09-21 01:25:02.702702696;171;81;0;VIP;Online;Cash;6;Books;21.09.2024 1:25;45556,05905;1900-01;0;;
1055;East;21920.327244696535;10.0;2023-02-14 16:54:46.486486486;171;63;0;New;In-Store;Bank Transfer;10;Toys;14.02.2023 16:54;44971,7047;1900-01;0;;
1056;West;19836.526259529535;15.0;2023-11-27 19:33:20.000000000;160;49;0;VIP;Online;Cash;2;Sports;27.11.2023 19:33;45257,81481;1900-01;0;;
1057;West;9662.789499800618;;2024-03-30 01:43:47.027027024;111;76;0;VIP;Online;Bank Transfer;6;Clothing;30.03.2024 1:43;45381,07207;1900-01;0;;
1058;North;0;;2023-08-02 22:39:16.756756756;160;47;0;VIP;Direct;Bank Transfer;1;Books;02.08.2023 22:39;45140,94394;1900-01;0;;
1059;East;13477.652497475734;;2023-02-12 03:36:12.972972973;132;55;0;Returning;In-Store;Cash;1;Books;12.02.2023 3:36;44969,15014;1900-01;0;;
1060;North;23348.362744150192;5.0;2023-11-11 05:02:42.162162160;144;64;0;New;Online;Bank Transfer;5;Toys;11.11.2023 5:02;45241,21021;1900-01;0;;
1061;East;21832.99123048424;15.0;2024-02-19 11:26:07.567567564;189;65;0;VIP;In-Store;Cash;10;Books;19.02.2024 11:26;45341,47647;1900-01;0;;
1062;East;15300.601068363223;;2024-04-25 21:28:38.918918920;191;81;0;Returning;In-Store;Bank Transfer;9;Books;25.04.2024 21:28;45407,89488;1900-01;0;;
1063;North;17430.665413316532;;2024-09-08 22:11:53.513513512;168;67;0;VIP;In-Store;Credit Card;8;Health & Beauty;08.09.2024 22:11;45543,92492;1900-01;0;;
1064;North;14703.932390555241;;2023-05-16 09:23:36.216216216;107;90;0;Returning;Direct;Bank Transfer;3;Electronics;16.05.2023 9:23;45062,39139;1900-01;0;;
1065;East;19686.60451363414;5.0;2023-04-25 22:55:08.108108108;124;15;0;VIP;Online;Bank Transfer;3;Clothing;25.04.2023 22:55;45041,95495;1900-01;0;;
1066;South;24775.71160250619;5.0;2024-05-03 13:24:19.459459456;190;32;0;New;Direct;Cash;1;Toys;03.05.2024 13:24;45415,55855;1900-01;0;;
1067;West;15071.369768322282;10.0;2024-01-26 20:19:27.567567564;145;96;0;New;Online;Bank Transfer;3;Health & Beauty;26.01.2024 20:19;45317,84684;1900-01;0;;
1068;North;22520.23257758922;15.0;2024-07-04 12:09:22.162162160;186;68;0;VIP;Online;Credit Card;1;Sports;04.07.2024 12:09;45477,5065;1900-01;0;;
1069;West;17348.711908137797;10.0;2024-01-17 21:44:30.270270268;129;18;0;Returning;Direct;Credit Card;8;Sports;17.01.2024 21:44;45308,9059;1900-01;0;;
1070;nan;16035.635838688278;15.0;2024-03-20 11:49:11.351351352;146;83;1;VIP;In-Store;Bank Transfer;1;Home & Kitchen;20.03.2024 11:49;45371,49249;1900-01;0;;
1071;South;19464.84820022721;5.0;2024-01-20 11:03:03.783783780;186;43;0;Returning;In-Store;Bank Transfer;5;Books;20.01.2024 11:03;45311,46045;1900-01;0;;
1072;South;14823.788387903129;;2023-06-07 17:50:59.459459458;148;35;0;VIP;Online;Credit Card;9;Books;07.06.2023 17:50;45084,74374;1900-01;0;;
1073;North;17231.75347326409;10.0;2023-05-17 00:43:14.594594594;146;78;0;Returning;Direct;Cash;7;Toys;17.05.2023 0:43;45063,03002;1900-01;0;;
1074;South;14010.610537055758;;2023-08-17 15:10:59.459459460;183;58;0;New;In-Store;Credit Card;4;Electronics;17.08.2023 15:10;45155,63263;1900-01;0;;
1075;North;29823.625664581945;10.0;2023-06-08 09:10:37.837837836;181;33;1;VIP;In-Store;Credit Card;9;Electronics;08.06.2023 9:10;45085,38237;1900-01;0;;
1076;South;20176.317759858644;5.0;2024-02-11 19:30:27.027027024;117;14;0;New;Online;Bank Transfer;9;Toys;11.02.2024 19:30;45333,81281;1900-01;0;;
1077;West;16501.372460037073;5.0;2024-08-11 19:47:44.864864864;165;34;0;New;Online;Bank Transfer;2;Toys;11.08.2024 19:47;45515,82481;1900-01;0;;
1078;West;21069.899553671108;5.0;2024-08-29 01:38:01.081081080;167;61;0;VIP;Direct;Credit Card;10;Health & Beauty;29.08.2024 1:38;45533,06807;1900-01;0;;
1079;nan;19438.35975154585;10.0;2024-07-16 00:02:52.972972968;193;4;0;VIP;Online;Cash;10;Sports;16.07.2024 0:02;45489,00199;1900-01;0;;
1080;West;18895.152002333885;15.0;2023-11-25 21:34:24.864864864;132;88;0;Returning;In-Store;Credit Card;6;Toys;25.11.2023 21:34;45255,89889;1900-01;0;;
1081;East;23070.833500217126;10.0;2023-02-25 13:28:38.918918919;135;59;0;Returning;In-Store;Credit Card;4;Sports;25.02.2023 13:28;44982,56155;1900-01;0;;
1082;West;23787.538550236524;15.0;2024-02-27 18:41:26.486486488;181;29;0;New;In-Store;Cash;8;Home & Kitchen;27.02.2024 18:41;45349,77877;1900-01;0;;
1083;North;17347.494261947362;10.0;2023-04-22 18:16:56.216216216;118;83;1;Returning;In-Store;Credit Card;7;Sports;22.04.2023 18:16;45038,76176;1900-01;0;;
1084;West;17120.9087967766;10.0;2024-04-06 02:19:49.189189184;127;6;0;Returning;Direct;Credit Card;7;Health & Beauty;06.04.2024 2:19;45388,09709;1900-01;0;;
1085;East;18624.74151424178;5.0;2023-09-29 10:06:50.810810808;139;97;0;VIP;Direct;Bank Transfer;10;Books;29.09.2023 10:06;45198,42141;1900-01;0;;
1086;East;8490.394176322076;;2024-05-06 18:02:31.351351352;183;49;0;Returning;Online;Cash;9;Books;06.05.2024 18:02;45418,75175;1900-01;0;;
1087;South;12424.044689007238;;2024-01-20 11:03:03.783783780;196;40;0;New;Online;Bank Transfer;5;Sports;20.01.2024 11:03;45311,46045;1900-01;0;;
1088;North;26834.371337222623;15.0;2024-05-06 18:02:31.351351352;175;83;0;Returning;Online;Bank Transfer;6;Books;06.05.2024 18:02;45418,75175;1900-01;0;;
1089;West;28224.83856750642;;2024-08-12 11:07:23.243243240;114;65;0;New;Direct;Cash;1;Books;12.08.2024 11:07;45516,46346;1900-01;0;;
1090;South;18754.81980221811;10.0;2024-03-24 07:47:01.621621616;140;69;0;VIP;In-Store;Cash;6;Clothing;24.03.2024 7:47;45375,32432;1900-01;0;;
1091;nan;22882.784815278832;10.0;2023-02-21 02:11:10.270270270;138;27;0;New;Online;Credit Card;2;Home & Kitchen;21.02.2023 2:11;44978,09109;1900-01;0;;
1092;West;21556.25077271768;5.0;2024-08-14 09:06:18.378378376;101;80;0;Returning;In-Store;Bank Transfer;6;Health & Beauty;14.08.2024 9:06;45518,37938;1900-01;0;;
1093;South;35394.40404227619;5.0;2023-03-29 11:50:37.837837837;162;6;1;VIP;Online;Cash;9;Health & Beauty;29.03.2023 11:50;45014,49348;1900-01;0;;
1094;South;25597.874557172883;;2023-10-03 21:24:19.459459456;128;13;0;Returning;Online;Bank Transfer;8;Books;03.10.2023 21:24;45202,89189;1900-01;0;;
1095;South;19360.412042596166;15.0;2023-10-27 12:30:59.459459456;173;64;0;VIP;Online;Bank Transfer;9;Electronics;27.10.2023 12:30;45226,52152;1900-01;0;;
1096;South;15222.297796997871;;2023-08-11 21:14:14.054054052;165;62;0;VIP;Online;Cash;10;Health & Beauty;11.08.2023 21:14;45149,88488;1900-01;0;;
1097;South;11967.768398712138;;2023-03-21 19:54:57.297297297;150;99;0;Returning;Online;Credit Card;8;Home & Kitchen;21.03.2023 19:54;45006,82983;1900-01;0;;
1098;West;21017.318179336115;;2024-07-16 00:02:52.972972968;174;19;0;Returning;In-Store;Bank Transfer;3;Toys;16.07.2024 0:02;45489,00199;1900-01;0;;
1099;South;16218.246273578483;;2024-08-07 23:49:54.594594592;176;76;0;VIP;Online;Cash;8;Home & Kitchen;07.08.2024 23:49;45511,99299;1900-01;0;;
1100;North;12888.731452011629;10.0;2024-07-07 16:47:34.054054048;109;80;0;VIP;In-Store;Credit Card;6;Books;07.07.2024 16:47;45480,6997;1900-01;0;;
1101;East;16767.13557878737;15.0;2023-07-16 16:49:00.540540540;113;43;0;Returning;Direct;Bank Transfer;6;Books;16.07.2023 16:49;45123,70069;1900-01;0;;
1102;South;14592.259981928026;10.0;2024-06-29 09:32:15.135135136;181;74;0;New;Online;Cash;6;Clothing;29.06.2024 9:32;45472,3974;1900-01;0;;
1103;nan;28435.708175362823;15.0;2023-05-27 05:57:28.648648648;150;89;0;Returning;In-Store;Bank Transfer;3;Sports;27.05.2023 5:57;45073,24824;1900-01;0;;
1104;West;24408.198784747252;5.0;2023-10-21 03:14:35.675675676;172;20;0;VIP;Direct;Cash;10;Health & Beauty;21.10.2023 3:14;45220,13513;1900-01;0;;
1105;South;19960.136793416914;;2023-08-08 16:36:02.162162160;138;95;0;Returning;Direct;Cash;1;Sports;08.08.2023 16:36;45146,69169;1900-01;0;;
1106;South;27399.72069445013;10.0;2023-07-17 08:08:38.918918918;127;68;0;New;Direct;Bank Transfer;4;Sports;17.07.2023 8:08;45124,33933;1900-01;0;;
1107;South;20386.84153823809;15.0;2024-08-30 23:36:56.216216216;102;44;0;Returning;In-Store;Bank Transfer;10;Health & Beauty;30.08.2024 23:36;45534,98398;1900-01;0;;
1108;West;15693.578993358682;5.0;2023-01-13 03:13:09.189189189;183;23;0;VIP;Online;Cash;6;Health & Beauty;13.01.2023 3:13;44939,13413;1900-01;0;;
1109;South;27615.620386348288;5.0;2024-07-16 00:02:52.972972968;169;2;0;Returning;Online;Credit Card;10;Books;16.07.2024 0:02;45489,00199;1900-01;0;;
1110;East;22694.550218423294;;2023-12-24 15:18:11.891891888;126;22;0;VIP;In-Store;Bank Transfer;2;Health & Beauty;24.12.2023 15:18;45284,63763;1900-01;0;;
1111;West;14813.769228367717;15.0;2024-02-17 13:27:12.432432432;101;57;0;VIP;Online;Cash;7;Electronics;17.02.2024 13:27;45339,56056;1900-01;0;;
1112;East;19048.30660958196;10.0;2023-12-11 20:45:24.324324324;192;72;0;Returning;In-Store;Cash;7;Electronics;11.12.2023 20:45;45271,86486;1900-01;0;;
1113;West;15621.908733076214;;2023-12-23 23:58:33.513513512;137;7;0;VIP;Online;Credit Card;4;Toys;23.12.2023 23:58;45283,99899;1900-01;0;;
1114;South;13086.00134517832;10.0;2023-10-31 23:48:28.108108108;102;78;0;VIP;Direct;Credit Card;4;Health & Beauty;31.10.2023 23:48;45230,99199;1900-01;0;;
1115;East;24630.887737658206;5.0;2023-06-21 03:43:25.405405404;115;56;0;New;Online;Credit Card;1;Clothing;21.06.2023 3:43;45098,15515;1900-01;0;;
1116;West;29547.083202350652;10.0;2023-01-02 06:39:16.756756756;193;67;0;New;In-Store;Bank Transfer;2;Toys;02.01.2023 6:39;44928,27727;1900-01;0;;
1117;North;13007.162130904293;10.0;2024-05-06 02:42:52.972972968;139;16;0;New;In-Store;Cash;9;Books;06.05.2024 2:42;45418,1131;1900-01;0;;
1118;South;22814.846183452853;;2023-01-10 13:54:35.675675675;101;83;0;New;Direct;Cash;10;Health & Beauty;10.01.2023 13:54;44936,57957;1900-01;0;;
1119;West;16746.787154390866;10.0;2024-01-22 09:01:58.918918916;180;51;0;VIP;In-Store;Cash;8;Electronics;22.01.2024 9:01;45313,37637;1900-01;0;;
1120;North;17564.37308117652;;2023-08-16 23:51:21.081081080;140;82;1;Returning;Online;Credit Card;8;Clothing;16.08.2023 23:51;45154,99399;1900-01;0;;
1121;West;17038.030378805655;5.0;2024-02-16 22:07:34.054054052;111;80;0;VIP;Online;Cash;9;Toys;16.02.2024 22:07;45338,92192;1900-01;0;;
1122;North;15680.04615160092;;2024-06-02 13:47:23.243243240;134;72;0;VIP;Direct;Bank Transfer;7;Clothing;02.06.2024 13:47;45445,57457;1900-01;0;;
1123;South;20242.608139724136;;2024-06-19 04:18:01.081081080;164;97;0;VIP;In-Store;Credit Card;9;Health & Beauty;19.06.2024 4:18;45462,17918;1900-01;0;;
1124;East;15845.249417944811;15.0;2023-03-26 07:12:25.945945946;154;12;0;Returning;Direct;Credit Card;10;Home & Kitchen;26.03.2023 7:12;45011,30029;1900-01;0;;
1125;North;21352.284128899195;10.0;2023-07-18 14:47:55.675675674;144;53;0;New;Online;Credit Card;2;Clothing;18.07.2023 14:47;45125,61661;1900-01;0;;
1126;nan;19748.809452754314;5.0;2024-09-08 22:11:53.513513512;178;75;0;VIP;Direct;Credit Card;6;Clothing;08.09.2024 22:11;45543,92492;1900-01;0;;
1127;South;18805.25976566795;;2023-11-04 04:26:40.000000000;189;5;0;VIP;In-Store;Bank Transfer;3;Books;04.11.2023 4:26;45234,18519;1900-01;0;;
1128;North;15462.18168979201;5.0;2024-07-24 22:37:50.270270264;184;27;0;New;Direct;Cash;6;Electronics;24.07.2024 22:37;45497,94294;1900-01;0;;
1129;West;17116.143347158337;15.0;2023-12-13 18:44:19.459459456;161;12;0;VIP;In-Store;Bank Transfer;3;Health & Beauty;13.12.2023 18:44;45273,78078;1900-01;0;;
1130;West;0;10.0;2023-07-14 03:30:27.027027026;148;17;1;Returning;In-Store;Cash;8;Clothing;14.07.2023 3:30;45121,14615;1900-01;0;;
1131;West;22504.585938121905;;2023-06-21 03:43:25.405405404;194;6;0;VIP;Online;Bank Transfer;4;Health & Beauty;21.06.2023 3:43;45098,15515;1900-01;0;;
1132;North;15112.223776007246;10.0;2023-09-21 18:11:10.270270268;124;97;1;VIP;Online;Credit Card;10;Electronics;21.09.2023 18:11;45190,75775;1900-01;0;;
1133;North;20496.66152714613;15.0;2023-01-16 07:51:21.081081081;122;5;0;New;Online;Credit Card;6;Books;16.01.2023 7:51;44942,32733;1900-01;0;;
1134;North;23756.935616858944;15.0;2024-09-17 20:46:50.810810808;123;57;0;VIP;In-Store;Bank Transfer;9;Health & Beauty;17.09.2024 20:46;45552,86586;1900-01;0;;
1135;East;11652.973594393141;5.0;2023-07-21 04:06:29.189189188;137;28;0;VIP;Direct;Bank Transfer;2;Sports;21.07.2023 4:06;45128,17117;1900-01;0;;
1136;North;22716.800961899677;;2023-12-31 00:34:35.675675672;127;78;0;Returning;In-Store;Cash;2;Electronics;31.12.2023 0:34;45291,02402;1900-01;0;;
1137;North;16686.881205270765;5.0;2024-04-07 08:59:05.945945944;120;69;0;New;Online;Bank Transfer;7;Electronics;07.04.2024 8:59;45389,37436;1900-01;0;;
1138;North;22852.993342965798;15.0;2024-03-01 23:19:38.378378376;153;59;1;New;Online;Bank Transfer;2;Toys;01.03.2024 23:19;45352,97197;1900-01;0;;
1139;East;16183.704217287415;10.0;2024-06-10 21:02:42.162162160;117;33;0;Returning;Direct;Cash;2;Books;10.06.2024 21:02;45453,87688;1900-01;0;;
1140;North;10975.589496677405;5.0;2023-06-25 15:00:54.054054054;135;62;0;VIP;Online;Cash;4;Books;25.06.2023 15:00;45102,62563;1900-01;0;;
1141;West;11862.287810584186;5.0;2024-08-16 07:05:13.513513512;198;50;0;New;Online;Cash;9;Sports;16.08.2024 7:05;45520,29529;1900-01;0;;
1142;North;20240.42473330691;10.0;2023-09-05 19:00:10.810810808;144;19;0;New;Online;Bank Transfer;8;Health & Beauty;05.09.2023 19:00;45174,79178;1900-01;0;;
1143;West;21298.61250860741;5.0;2024-04-05 11:00:10.810810808;172;86;1;VIP;Direct;Cash;2;Home & Kitchen;05.04.2024 11:00;45387,45845;1900-01;0;;
1144;West;15478.416874477956;10.0;2023-10-10 22:00:21.621621620;152;69;0;VIP;In-Store;Credit Card;8;Sports;10.10.2023 22:00;45209,91691;1900-01;0;;
1145;West;23192.96229388687;;2024-09-29 08:40:21.621621616;129;66;0;New;Online;Credit Card;4;Toys;29.09.2024 8:40;45564,36135;1900-01;0;;
1146;East;11692.399688655201;10.0;2023-09-30 01:26:29.189189188;159;94;0;VIP;Direct;Credit Card;2;Books;30.09.2023 1:26;45199,06006;1900-01;0;;
1147;East;19669.601006763416;;2023-02-05 18:19:49.189189189;197;47;0;New;Online;Bank Transfer;10;Electronics;05.02.2023 18:19;44962,76376;1900-01;0;;
1148;East;13944.919001187716;10.0;2024-03-20 11:49:11.351351352;131;39;1;VIP;Direct;Credit Card;7;Books;20.03.2024 11:49;45371,49249;1900-01;0;;
1149;North;16740.819460989205;15.0;2024-09-11 11:30:27.027027024;166;68;0;VIP;Online;Bank Transfer;6;Sports;11.09.2024 11:30;45546,47948;1900-01;0;;
1150;West;0;15.0;2023-12-27 19:56:23.783783780;166;33;0;Returning;Direct;Bank Transfer;10;Home & Kitchen;27.12.2023 19:56;45287,83082;1900-01;0;;
1151;nan;15697.933173580237;;2024-04-04 19:40:32.432432432;127;13;0;VIP;Online;Credit Card;5;Clothing;04.04.2024 19:40;45386,81981;1900-01;0;;
1152;East;18077.222278850873;;2023-08-23 09:07:44.864864864;143;84;0;Returning;In-Store;Cash;1;Clothing;23.08.2023 9:07;45161,38037;1900-01;0;;
1153;North;25031.464046072204;15.0;2024-08-23 07:41:15.675675672;178;54;0;VIP;Online;Bank Transfer;2;Books;23.08.2024 7:41;45527,32031;1900-01;0;;
1154;East;17115.540652384258;;2023-08-06 18:37:07.027027024;140;7;0;New;Direct;Credit Card;8;Books;06.08.2023 18:37;45144,77578;1900-01;0;;
1155;North;24178.460560325708;10.0;2024-05-28 11:10:16.216216216;162;79;0;New;Online;Bank Transfer;1;Toys;28.05.2024 11:10;45440,46546;1900-01;0;;
1156;South;14351.46572671191;10.0;2024-06-27 11:33:20.000000000;122;87;1;VIP;In-Store;Cash;3;Books;27.06.2024 11:33;45470,48148;1900-01;0;;
1157;East;22649.020889576415;15.0;2023-07-13 12:10:48.648648648;174;14;0;VIP;Online;Cash;2;Home & Kitchen;13.07.2023 12:10;45120,5075;1900-01;0;;
1158;South;0;5.0;2024-05-02 06:45:02.702702704;147;87;0;New;Direct;Credit Card;5;Books;02.05.2024 6:45;45414,28127;1900-01;0;;
1159;North;7641.777499363554;10.0;2023-08-27 05:05:35.135135132;131;19;1;VIP;Direct;Bank Transfer;4;Health & Beauty;27.08.2023 5:05;45165,21221;1900-01;0;;
1160;West;16015.523722647617;;2024-08-29 01:38:01.081081080;156;54;0;Returning;In-Store;Bank Transfer;7;Sports;29.08.2024 1:38;45533,06807;1900-01;0;;
1161;East;22885.3606359027;5.0;2024-06-04 11:46:18.378378376;199;93;0;Returning;Direct;Bank Transfer;5;Home & Kitchen;04.06.2024 11:46;45447,49049;1900-01;0;;
1162;North;18984.773069785035;5.0;2023-03-12 21:20:00.000000000;132;20;0;Returning;Online;Bank Transfer;8;Toys;12.03.2023 21:20;44997,88889;1900-01;0;;
1163;West;21855.729366856543;10.0;2024-07-14 02:03:57.837837832;123;29;0;Returning;Online;Credit Card;4;Health & Beauty;14.07.2024 2:03;45487,08608;1900-01;0;;
1164;West;16980.074066420897;10.0;2023-01-04 04:38:11.891891891;138;24;0;Returning;Online;Cash;6;Health & Beauty;04.01.2023 4:38;44930,19318;1900-01;0;;
1165;South;20432.9489373645;5.0;2024-08-16 07:05:13.513513512;133;82;1;VIP;Direct;Credit Card;4;Sports;16.08.2024 7:05;45520,29529;1900-01;0;;
1166;North;19221.613823039603;5.0;2024-03-24 07:47:01.621621616;155;63;0;VIP;Online;Bank Transfer;2;Clothing;24.03.2024 7:47;45375,32432;1900-01;0;;
1167;West;25838.910308299037;15.0;2024-06-23 15:35:29.729729728;127;74;0;Returning;Online;Bank Transfer;1;Home & Kitchen;23.06.2024 15:35;45466,64964;1900-01;0;;
1168;East;21272.104216506064;;2024-08-25 05:40:10.810810808;136;57;0;VIP;Online;Cash;1;Sports;25.08.2024 5:40;45529,23623;1900-01;0;;
1169;East;21688.01331037601;15.0;2023-06-27 12:59:49.189189188;106;8;0;VIP;In-Store;Bank Transfer;8;Health & Beauty;27.06.2023 12:59;45104,54154;1900-01;0;;
1170;South;17940.615169387664;10.0;2023-09-01 07:42:42.162162160;167;90;0;Returning;Direct;Credit Card;4;Toys;01.09.2023 7:42;45170,32132;1900-01;0;;
1171;West;17561.968879637534;15.0;2024-06-27 11:33:20.000000000;136;62;0;VIP;Direct;Credit Card;5;Sports;27.06.2024 11:33;45470,48148;1900-01;0;;
1172;North;17837.209060901896;15.0;2023-01-08 15:55:40.540540540;155;29;0;VIP;Direct;Cash;8;Clothing;08.01.2023 15:55;44934,66366;1900-01;0;;
1173;East;21972.260711891486;15.0;2023-07-12 20:51:10.270270270;164;74;0;VIP;In-Store;Credit Card;7;Health & Beauty;12.07.2023 20:51;45119,86887;1900-01;0;;
1174;West;17895.077595898685;15.0;2023-12-21 10:40:00.000000000;164;17;1;Returning;Direct;Credit Card;8;Sports;21.12.2023 10:40;45281,44444;1900-01;0;;
1175;West;21448.874284482066;;2024-01-29 09:38:01.081081080;146;66;0;VIP;In-Store;Credit Card;8;Home & Kitchen;29.01.2024 9:38;45320,4014;1900-01;0;;
1176;South;30377.003993227194;;2023-04-12 13:02:42.162162162;119;6;0;New;In-Store;Credit Card;6;Clothing;12.04.2023 13:02;45028,54354;1900-01;0;;
1177;East;0;5.0;2023-04-08 17:04:51.891891891;118;58;0;New;Direct;Bank Transfer;10;Home & Kitchen;08.04.2023 17:04;45024,7117;1900-01;0;;
1178;East;18369.882339160795;10.0;2024-04-25 21:28:38.918918920;128;69;0;Returning;Online;Credit Card;2;Home & Kitchen;25.04.2024 21:28;45407,89488;1900-01;0;;
1179;North;26006.069610819723;15.0;2023-04-25 22:55:08.108108108;173;28;0;New;Online;Cash;6;Home & Kitchen;25.04.2023 22:55;45041,95495;1900-01;0;;
1180;East;0;5.0;2023-12-02 06:50:48.648648648;159;62;0;Returning;Direct;Cash;1;Sports;02.12.2023 6:50;45262,28528;1900-01;0;;
1181;North;9809.37732411073;5.0;2023-04-25 07:35:29.729729730;117;41;0;New;Direct;Credit Card;1;Clothing;25.04.2023 7:35;45041,31631;1900-01;0;;
1182;East;14959.56844541298;5.0;2023-08-29 03:04:30.270270268;191;69;0;New;In-Store;Cash;3;Sports;29.08.2023 3:04;45167,12813;1900-01;0;;
1183;South;10646.04039487072;;2024-05-27 19:50:37.837837832;134;82;0;New;Direct;Credit Card;3;Sports;27.05.2024 19:50;45439,82682;1900-01;0;;
1184;East;18242.432579793458;15.0;2024-05-09 22:40:43.243243240;142;90;0;Returning;In-Store;Cash;5;Sports;09.05.2024 22:40;45421,94494;1900-01;0;;
1185;North;20092.091895947757;15.0;2023-04-17 15:39:49.189189188;194;84;1;Returning;Direct;Cash;1;Health & Beauty;17.04.2023 15:39;45033,65265;1900-01;0;;
1186;North;28382.186561376413;10.0;2023-05-17 00:43:14.594594594;190;41;0;VIP;Online;Credit Card;10;Books;17.05.2023 0:43;45063,03002;1900-01;0;;
1187;South;0;15.0;2023-04-06 03:46:18.378378378;110;49;0;Returning;Online;Credit Card;6;Electronics;06.04.2023 3:46;45022,15715;1900-01;0;;
1188;East;18904.49735595568;15.0;2023-01-10 13:54:35.675675675;148;91;0;New;Direct;Bank Transfer;7;Health & Beauty;10.01.2023 13:54;44936,57957;1900-01;0;;
1189;East;24147.027905917446;5.0;2023-02-27 11:27:34.054054054;137;49;0;New;In-Store;Credit Card;10;Clothing;27.02.2023 11:27;44984,47748;1900-01;0;;
1190;South;8944.323454960575;10.0;2023-03-17 23:57:07.027027027;163;76;0;Returning;Online;Credit Card;3;Electronics;17.03.2023 23:57;45002,998;1900-01;0;;
1191;East;21178.07279054283;15.0;2024-09-01 21:35:51.351351352;168;71;0;Returning;In-Store;Bank Transfer;4;Electronics;01.09.2024 21:35;45536,8999;1900-01;0;;
1192;East;23854.325969434834;;2023-06-10 22:29:11.351351350;107;3;0;Returning;Direct;Credit Card;10;Electronics;10.06.2023 22:29;45087,93693;1900-01;0;;
1193;North;12607.068771100792;15.0;2023-02-07 16:18:44.324324324;133;10;0;VIP;Direct;Credit Card;10;Books;07.02.2023 16:18;44964,67968;1900-01;0;;
1194;East;25718.770216034645;5.0;2023-06-19 05:44:30.270270270;147;98;0;New;Online;Bank Transfer;10;Sports;19.06.2023 5:44;45096,23924;1900-01;0;;
1195;East;21692.48203747207;;2023-09-18 13:32:58.378378376;155;89;0;VIP;Direct;Credit Card;10;Toys;18.09.2023 13:32;45187,56456;1900-01;0;;
1196;South;17923.560430495992;5.0;2023-01-20 03:49:11.351351351;175;35;0;VIP;Online;Credit Card;10;Clothing;20.01.2023 3:49;44946,15916;1900-01;0;;
1197;South;23163.909330531424;15.0;2023-01-13 18:32:47.567567567;164;80;0;New;In-Store;Bank Transfer;3;Books;13.01.2023 18:32;44939,77277;1900-01;0;;
1198;West;31353.46428902198;;2024-04-11 04:56:56.216216216;130;2;0;New;Online;Bank Transfer;1;Books;11.04.2024 4:56;45393,2062;1900-01;0;;
1199;nan;20909.331275292476;10.0;2024-01-14 01:46:40.000000000;103;24;0;Returning;Online;Cash;8;Toys;14.01.2024 1:46;45305,07407;1900-01;0;;
1200;East;21241.10293150168;10.0;2023-07-03 22:16:12.972972972;149;74;0;Returning;In-Store;Credit Card;10;Electronics;03.07.2023 22:16;45110,92792;1900-01;0;;
1201;East;17703.19550229878;;2023-12-13 03:24:41.081081080;168;38;0;VIP;Online;Cash;10;Sports;13.12.2023 3:24;45273,14214;1900-01;0;;
1202;West;15750.778152676041;;2023-11-14 09:40:54.054054052;129;22;0;Returning;Online;Cash;2;Toys;14.11.2023 9:40;45244,4034;1900-01;0;;
1203;East;24151.679082721228;5.0;2024-04-20 18:51:31.891891888;187;26;0;Returning;Direct;Bank Transfer;1;Toys;20.04.2024 18:51;45402,78578;1900-01;0;;
1204;North;15719.580870455664;;2023-10-30 01:49:32.972972972;158;43;0;New;In-Store;Credit Card;8;Books;30.10.2023 1:49;45229,07606;1900-01;0;;
1205;West;20357.831186096962;5.0;2023-09-16 00:14:24.864864864;166;55;1;New;Online;Credit Card;7;Clothing;16.09.2023 0:14;45185,01;1900-01;0;;
1206;North;17611.712766174416;15.0;2023-12-16 08:02:52.972972972;174;39;0;Returning;In-Store;Bank Transfer;7;Home & Kitchen;16.12.2023 8:02;45276,33532;1900-01;0;;
1207;West;22394.89912873196;5.0;2024-09-05 02:14:03.243243240;144;91;0;New;In-Store;Cash;4;Sports;05.09.2024 2:14;45540,09309;1900-01;0;;
1208;West;21668.31052643474;;2023-03-25 15:52:47.567567567;103;29;0;Returning;Online;Bank Transfer;9;Toys;25.03.2023 15:52;45010,66166;1900-01;0;;
1209;South;25187.699721289497;;2023-07-26 06:43:36.216216216;125;20;1;New;Direct;Credit Card;6;Sports;26.07.2023 6:43;45133,28028;1900-01;0;;
1210;North;17449.918005726264;15.0;2024-07-01 07:31:10.270270264;126;91;0;New;In-Store;Bank Transfer;2;Toys;01.07.2024 7:31;45474,31331;1900-01;0;;
1211;East;18650.625323533142;;2023-03-25 15:52:47.567567567;145;41;0;New;Online;Credit Card;1;Electronics;25.03.2023 15:52;45010,66166;1900-01;0;;
1212;East;15106.181421088462;;2023-11-29 02:12:36.756756756;163;54;0;New;In-Store;Cash;1;Sports;29.11.2023 2:12;45259,09208;1900-01;0;;
1213;North;17778.533699619442;10.0;2023-01-19 12:29:32.972972973;190;20;0;Returning;Direct;Credit Card;9;Electronics;19.01.2023 12:29;44945,52051;1900-01;0;;
1214;nan;21886.50246522426;10.0;2024-02-04 18:54:24.864864864;150;19;0;VIP;Direct;Cash;4;Books;04.02.2024 18:54;45326,78778;1900-01;0;;
1215;East;23784.94308322676;15.0;2023-07-11 14:11:53.513513512;149;84;0;New;Direct;Cash;5;Electronics;11.07.2023 14:11;45118,59159;1900-01;0;;
1216;North;15389.173379111873;5.0;2023-01-02 21:58:55.135135135;105;99;0;Returning;Online;Credit Card;3;Sports;02.01.2023 21:58;44928,91591;1900-01;0;;
1217;West;24348.0296005283;10.0;2023-07-26 22:03:14.594594594;158;66;0;Returning;Online;Credit Card;4;Health & Beauty;26.07.2023 22:03;45133,91891;1900-01;0;;
1218;North;26778.189294024756;5.0;2023-11-21 10:16:56.216216216;114;30;0;New;Direct;Cash;8;Sports;21.11.2023 10:16;45251,42843;1900-01;0;;
1219;West;22067.174516118503;;2023-05-31 17:14:57.297297296;129;53;0;VIP;Online;Bank Transfer;4;Toys;31.05.2023 17:14;45077,71872;1900-01;0;;
1220;East;29383.979062790328;10.0;2023-12-08 00:47:34.054054052;141;34;0;New;Direct;Credit Card;9;Electronics;08.12.2023 0:47;45268,03303;1900-01;0;;
1221;East;16131.054004482135;15.0;2023-01-10 13:54:35.675675675;136;22;0;Returning;Online;Cash;9;Clothing;10.01.2023 13:54;44936,57957;1900-01;0;;
1222;East;13776.726483442915;15.0;2023-12-07 09:27:55.675675672;141;67;0;VIP;Direct;Cash;6;Health & Beauty;07.12.2023 9:27;45267,39439;1900-01;0;;
1223;South;11106.398755478607;15.0;2024-09-28 02:01:04.864864864;134;6;1;Returning;In-Store;Bank Transfer;2;Books;28.09.2024 2:01;45563,08407;1900-01;0;;
1224;West;27480.221557445915;10.0;2024-01-08 07:49:54.594594592;186;79;0;New;Direct;Credit Card;10;Home & Kitchen;08.01.2024 7:49;45299,32632;1900-01;0;;
1225;South;23271.82828177029;5.0;2024-06-04 11:46:18.378378376;105;27;0;VIP;Direct;Cash;7;Toys;04.06.2024 11:46;45447,49049;1900-01;0;;
1226;South;19722.076645447723;;2023-10-12 04:39:38.378378376;167;10;0;Returning;Online;Bank Transfer;9;Toys;12.10.2023 4:39;45211,19419;1900-01;0;;
1227;North;21399.8431315991;5.0;2024-09-25 12:42:31.351351344;117;73;0;Returning;Online;Cash;6;Clothing;25.09.2024 12:42;45560,52953;1900-01;0;;
1228;South;14372.554763508117;5.0;2023-11-17 14:19:05.945945944;172;97;0;Returning;Online;Credit Card;3;Home & Kitchen;17.11.2023 14:19;45247,59659;1900-01;0;;
1229;North;32228.759898084132;;2024-09-01 21:35:51.351351352;128;96;0;New;Online;Bank Transfer;7;Home & Kitchen;01.09.2024 21:35;45536,8999;1900-01;0;;
1230;North;20646.105909876136;;2023-05-27 05:57:28.648648648;176;48;0;VIP;Online;Cash;5;Books;27.05.2023 5:57;45073,24824;1900-01;0;;
1231;South;20546.973973024466;10.0;2023-03-09 16:41:48.108108108;158;70;0;New;Online;Bank Transfer;1;Books;09.03.2023 16:41;44994,69569;1900-01;0;;
1232;West;23628.833119493458;10.0;2024-04-04 04:20:54.054054048;146;59;0;New;In-Store;Credit Card;3;Health & Beauty;04.04.2024 4:20;45386,18118;1900-01;0;;
1233;West;22405.046158683566;10.0;2023-09-05 19:00:10.810810808;116;59;0;New;Direct;Bank Transfer;5;Toys;05.09.2023 19:00;45174,79178;1900-01;0;;
1234;West;21119.42012139566;10.0;2024-04-04 04:20:54.054054048;195;2;0;VIP;Direct;Credit Card;7;Electronics;04.04.2024 4:20;45386,18118;1900-01;0;;
1235;West;16047.62772277344;10.0;2023-06-17 07:45:35.135135134;121;29;1;New;Direct;Cash;3;Books;17.06.2023 7:45;45094,32332;1900-01;0;;
1236;West;22357.34178567998;;2023-12-25 21:57:28.648648648;167;68;0;New;In-Store;Credit Card;6;Clothing;25.12.2023 21:57;45285,91491;1900-01;0;;
1237;South;29410.12248237517;5.0;2023-02-10 20:56:56.216216216;168;65;1;New;Direct;Cash;5;Clothing;10.02.2023 20:56;44967,87287;1900-01;0;;
1238;South;26727.10023077489;10.0;2023-06-18 14:24:51.891891892;136;83;0;New;In-Store;Cash;1;Clothing;18.06.2023 14:24;45095,60059;1900-01;0;;
1239;East;27965.933133196984;10.0;2023-08-04 05:18:33.513513512;148;26;1;Returning;In-Store;Credit Card;10;Sports;04.08.2023 5:18;45142,22122;1900-01;0;;
1240;West;17443.921617844073;5.0;2023-07-11 14:11:53.513513512;112;89;0;New;In-Store;Cash;6;Books;11.07.2023 14:11;45118,59159;1900-01;0;;
1241;South;15051.975898707096;10.0;2023-08-29 18:24:08.648648648;133;10;0;Returning;Direct;Bank Transfer;8;Books;29.08.2023 18:24;45167,76676;1900-01;0;;
1242;East;19371.06539950176;5.0;2023-04-22 02:57:17.837837838;185;53;0;New;In-Store;Cash;1;Clothing;22.04.2023 2:57;45038,12311;1900-01;0;;
1243;West;20278.624561443474;5.0;2024-09-06 08:53:20.000000000;152;79;0;VIP;Direct;Credit Card;2;Books;06.09.2024 8:53;45541,37037;1900-01;0;;
1244;North;25470.95759235474;;2023-04-07 10:25:35.135135135;186;59;0;Returning;Direct;Bank Transfer;4;Sports;07.04.2023 10:25;45023,43443;1900-01;0;;
1245;East;11537.676851425904;15.0;2023-10-31 08:28:49.729729728;150;22;0;Returning;Online;Bank Transfer;2;Electronics;31.10.2023 8:28;45230,35334;1900-01;0;;
1246;South;0;;2023-06-19 05:44:30.270270270;102;51;0;Returning;Online;Cash;9;Electronics;19.06.2023 5:44;45096,23924;1900-01;0;;
1247;North;19209.960507105054;15.0;2023-07-29 11:21:48.108108108;141;48;0;Returning;In-Store;Cash;10;Health & Beauty;29.07.2023 11:21;45136,47347;1900-01;0;;
1248;North;17865.5946502629;15.0;2024-09-12 18:09:43.783783784;197;21;0;VIP;In-Store;Credit Card;8;Toys;12.09.2024 18:09;45547,75675;1900-01;0;;
1249;North;14939.478123699162;15.0;2024-06-04 11:46:18.378378376;131;22;0;New;Direct;Bank Transfer;8;Electronics;04.06.2024 11:46;45447,49049;1900-01;0;;
1250;East;11725.716640671153;10.0;2023-04-14 11:01:37.297297297;150;98;0;Returning;In-Store;Credit Card;4;Health & Beauty;14.04.2023 11:01;45030,45946;1900-01;0;;
1251;South;24115.85291980957;;2023-10-07 02:02:31.351351348;184;30;0;VIP;In-Store;Cash;5;Home & Kitchen;07.10.2023 2:02;45206,08508;1900-01;0;;
1252;North;20366.58983594202;15.0;2023-08-07 09:56:45.405405404;145;25;0;Returning;Direct;Bank Transfer;4;Toys;07.08.2023 9:56;45145,41441;1900-01;0;;
1253;West;13550.195501294731;5.0;2023-08-22 17:48:06.486486484;120;28;0;New;In-Store;Credit Card;9;Electronics;22.08.2023 17:48;45160,74174;1900-01;0;;
1254;North;13524.60613968192;10.0;2023-10-24 07:52:47.567567568;143;65;0;Returning;In-Store;Credit Card;2;Sports;24.10.2023 7:52;45223,32832;1900-01;0;;
1255;North;18321.07650354936;;2024-04-23 08:10:05.405405400;110;45;0;VIP;Direct;Credit Card;8;Home & Kitchen;23.04.2024 8:10;45405,34034;1900-01;0;;
1256;East;28345.107626446967;15.0;2023-05-07 10:48:38.918918918;167;68;0;New;Direct;Credit Card;2;Health & Beauty;07.05.2023 10:48;45053,45044;1900-01;0;;
1257;East;18702.043243181975;5.0;2023-11-15 16:20:10.810810808;100;7;0;VIP;Online;Credit Card;1;Electronics;15.11.2023 16:20;45245,68067;1900-01;0;;
1258;South;12484.285234409468;;2023-01-10 13:54:35.675675675;191;49;0;New;Direct;Bank Transfer;10;Electronics;10.01.2023 13:54;44936,57957;1900-01;0;;
1259;West;18771.28467957028;;2024-06-07 16:24:30.270270264;162;9;0;New;Online;Credit Card;3;Books;07.06.2024 16:24;45450,68368;1900-01;0;;
1260;East;18636.38215126165;10.0;2023-07-08 09:33:41.621621620;123;36;0;New;In-Store;Bank Transfer;9;Home & Kitchen;08.07.2023 9:33;45115,39839;1900-01;0;;
1261;nan;6515.5667852921415;;2024-07-07 16:47:34.054054048;198;83;0;Returning;Direct;Credit Card;3;Electronics;07.07.2024 16:47;45480,6997;1900-01;0;;
1262;South;19728.52566741094;10.0;2023-11-22 16:56:12.972972972;112;1;0;VIP;Direct;Cash;9;Clothing;22.11.2023 16:56;45252,70569;1900-01;0;;
1263;North;18845.32734895661;15.0;2024-05-17 14:36:23.783783784;197;10;0;VIP;Direct;Cash;7;Sports;17.05.2024 14:36;45429,6086;1900-01;0;;
1264;North;23481.031824067093;10.0;2024-09-19 18:45:45.945945944;110;36;0;VIP;In-Store;Credit Card;10;Books;19.09.2024 18:45;45554,78177;1900-01;0;;
1265;East;29244.780474726726;5.0;2023-06-01 23:54:14.054054054;199;73;0;New;Online;Cash;1;Books;01.06.2023 23:54;45078,996;1900-01;0;;
1266;South;25632.825147738786;10.0;2024-01-06 09:50:59.459459456;150;46;0;Returning;In-Store;Bank Transfer;10;Electronics;06.01.2024 9:50;45297,41041;1900-01;0;;
1267;West;18655.556547225846;5.0;2023-07-11 14:11:53.513513512;116;32;0;New;In-Store;Credit Card;5;Sports;11.07.2023 14:11;45118,59159;1900-01;0;;
1268;West;14467.370456291648;10.0;2023-01-04 04:38:11.891891891;198;32;0;VIP;Direct;Bank Transfer;9;Books;04.01.2023 4:38;44930,19318;1900-01;0;;
1269;East;32866.7990162493;;2023-05-20 20:41:04.864864864;181;6;0;Returning;Online;Credit Card;3;Toys;20.05.2023 20:41;45066,86185;1900-01;0;;
1270;East;20296.092170072443;15.0;2024-05-03 13:24:19.459459456;185;48;1;Returning;In-Store;Cash;9;Home & Kitchen;03.05.2024 13:24;45415,55855;1900-01;0;;
1271;South;20069.64645956473;5.0;2023-10-16 15:57:07.027027024;123;38;0;Returning;Direct;Bank Transfer;5;Toys;16.10.2023 15:57;45215,66466;1900-01;0;;
1272;West;19879.374564449983;10.0;2023-10-03 21:24:19.459459456;118;17;1;VIP;In-Store;Cash;9;Health & Beauty;03.10.2023 21:24;45202,89189;1900-01;0;;
1273;West;20990.423803839276;10.0;2024-05-29 17:49:32.972972968;136;74;0;Returning;In-Store;Cash;10;Toys;29.05.2024 17:49;45441,74273;1900-01;0;;
1274;West;19278.197940380287;10.0;2024-07-08 23:26:50.810810808;184;27;0;Returning;Direct;Credit Card;6;Sports;08.07.2024 23:26;45481,97697;1900-01;0;;
1275;North;17131.68996559882;;2023-09-03 21:01:15.675675676;107;54;0;New;Direct;Bank Transfer;9;Clothing;03.09.2023 21:01;45172,87587;1900-01;0;;
1276;West;17265.70529379804;;2024-01-30 16:17:17.837837836;127;50;0;New;Online;Cash;7;Books;30.01.2024 16:17;45321,67867;1900-01;0;;
1277;North;19836.23364892001;5.0;2023-07-07 18:14:03.243243242;104;35;0;Returning;In-Store;Credit Card;7;Sports;07.07.2023 18:14;45114,75976;1900-01;0;;
1278;South;17282.876144331174;5.0;2023-03-16 17:17:50.270270270;116;85;0;Returning;Direct;Credit Card;8;Books;16.03.2023 17:17;45001,72072;1900-01;0;;
1279;North;16435.77108661418;;2023-09-16 00:14:24.864864864;135;25;0;New;Direct;Credit Card;7;Clothing;16.09.2023 0:14;45185,01;1900-01;0;;
1280;South;20532.151138459485;5.0;2024-03-09 15:15:18.918918920;118;28;1;New;Online;Cash;9;Books;09.03.2024 15:15;45360,63563;1900-01;0;;
1281;West;18725.113912895722;15.0;2024-09-28 02:01:04.864864864;163;15;0;New;Online;Credit Card;9;Toys;28.09.2024 2:01;45563,08407;1900-01;0;;
1282;West;27519.964942913444;15.0;2024-05-01 15:25:24.324324320;190;4;0;VIP;Direct;Bank Transfer;6;Health & Beauty;01.05.2024 15:25;45413,64264;1900-01;0;;
1283;South;6745.150958034939;;2024-01-14 17:06:18.378378376;197;93;0;VIP;Online;Bank Transfer;7;Electronics;14.01.2024 17:06;45305,71271;1900-01;0;;
1284;East;25457.53425961231;5.0;2023-12-27 19:56:23.783783780;110;73;0;New;Direct;Cash;2;Clothing;27.12.2023 19:56;45287,83082;1900-01;0;;
1285;South;26230.425962488145;10.0;2024-04-24 14:49:22.162162160;153;27;0;Returning;In-Store;Bank Transfer;9;Toys;24.04.2024 14:49;45406,61762;1900-01;0;;
1286;East;9633.048837959253;15.0;2024-07-14 02:03:57.837837832;144;26;0;New;Online;Credit Card;1;Sports;14.07.2024 2:03;45487,08608;1900-01;0;;
1287;North;0;;2023-01-08 00:36:02.162162162;146;19;1;VIP;In-Store;Cash;1;Toys;08.01.2023 0:36;44934,02502;1900-01;0;;
1288;North;18142.79567002104;5.0;2023-05-13 20:05:02.702702702;111;92;0;Returning;In-Store;Credit Card;3;Toys;13.05.2023 20:05;45059,83683;1900-01;0;;
1289;North;12962.441526410894;;2023-04-15 17:40:54.054054054;120;17;0;VIP;In-Store;Cash;6;Electronics;15.04.2023 17:40;45031,73674;1900-01;0;;
1290;West;16110.916562045622;10.0;2024-07-14 02:03:57.837837832;110;43;0;Returning;Direct;Cash;5;Home & Kitchen;14.07.2024 2:03;45487,08608;1900-01;0;;
1291;North;14447.120772670856;15.0;2023-07-07 02:54:24.864864864;191;41;0;VIP;In-Store;Credit Card;2;Books;07.07.2023 2:54;45114,12111;1900-01;0;;
1292;East;28761.352217118114;;2024-08-04 03:52:04.324324320;104;42;0;Returning;In-Store;Bank Transfer;9;Books;04.08.2024 3:52;45508,16116;1900-01;0;;
1293;North;24678.391965737304;;2023-11-27 19:33:20.000000000;180;50;0;Returning;In-Store;Bank Transfer;10;Sports;27.11.2023 19:33;45257,81481;1900-01;0;;
1294;South;26357.775474970793;;2023-02-19 04:12:15.135135135;155;84;0;Returning;Direct;Cash;4;Health & Beauty;19.02.2023 4:12;44976,17517;1900-01;0;;
1295;South;23608.360320216176;10.0;2023-10-04 12:43:57.837837836;119;40;0;Returning;In-Store;Credit Card;4;Sports;04.10.2023 12:43;45203,53052;1900-01;0;;
1296;West;14354.741143913854;;2024-01-03 20:32:25.945945944;140;39;0;VIP;In-Store;Credit Card;5;Home & Kitchen;03.01.2024 20:32;45294,85584;1900-01;0;;
1297;South;17377.39866860113;10.0;2024-01-27 11:39:05.945945944;145;23;0;VIP;Online;Cash;8;Books;27.01.2024 11:39;45318,48547;1900-01;0;;
1298;East;22446.87280613959;10.0;2024-09-06 08:53:20.000000000;111;96;0;Returning;Direct;Bank Transfer;10;Health & Beauty;06.09.2024 8:53;45541,37037;1900-01;0;;
1299;North;13889.360955540273;10.0;2024-07-08 08:07:12.432432432;169;52;0;Returning;In-Store;Credit Card;4;Sports;08.07.2024 8:07;45481,33833;1900-01;0;;
1300;West;23564.99215086194;15.0;2024-06-01 22:27:44.864864864;116;47;0;VIP;Online;Bank Transfer;5;Health & Beauty;01.06.2024 22:27;45444,93593;1900-01;0;;
1301;North;18798.373009209325;15.0;2024-05-24 15:12:25.945945944;118;63;0;Returning;Direct;Bank Transfer;4;Toys;24.05.2024 15:12;45436,63362;1900-01;0;;
1302;North;18125.895962252012;;2024-03-11 13:14:14.054054048;125;97;0;Returning;Direct;Cash;6;Clothing;11.03.2024 13:14;45362,55155;1900-01;0;;
1303;East;23554.79984101746;;2023-02-18 12:52:36.756756756;147;69;0;Returning;Direct;Cash;3;Toys;18.02.2023 12:52;44975,53653;1900-01;0;;
1304;South;22221.3165574302;15.0;2023-01-31 00:23:03.783783783;151;43;0;New;Direct;Bank Transfer;8;Electronics;31.01.2023 0:23;44957,01601;1900-01;0;;
1305;nan;0;5.0;2024-05-04 04:43:57.837837832;195;48;0;Returning;Direct;Credit Card;6;Books;04.05.2024 4:43;45416,19719;1900-01;0;;
1306;North;25796.64901682124;15.0;2023-02-21 17:30:48.648648648;169;34;0;New;Direct;Credit Card;10;Health & Beauty;21.02.2023 17:30;44978,72972;1900-01;0;;
1307;West;14594.683362000513;10.0;2024-07-24 22:37:50.270270264;154;40;0;Returning;In-Store;Cash;5;Sports;24.07.2024 22:37;45497,94294;1900-01;0;;
1308;South;23079.67803472132;15.0;2024-04-04 19:40:32.432432432;199;75;0;VIP;In-Store;Bank Transfer;2;Clothing;04.04.2024 19:40;45386,81981;1900-01;0;;
1309;West;22965.50628984192;10.0;2023-05-13 20:05:02.702702702;174;61;0;New;In-Store;Credit Card;10;Sports;13.05.2023 20:05;45059,83683;1900-01;0;;
1310;South;18452.267803430048;;2023-10-11 13:20:00.000000000;132;50;0;New;In-Store;Credit Card;10;Books;11.10.2023 13:20;45210,55556;1900-01;0;;
1311;West;21630.66511121059;5.0;2024-09-11 11:30:27.027027024;161;67;0;Returning;Online;Cash;7;Health & Beauty;11.09.2024 11:30;45546,47948;1900-01;0;;
1312;East;13744.432118073484;;2024-01-15 23:45:35.135135132;187;62;0;Returning;In-Store;Bank Transfer;2;Health & Beauty;15.01.2024 23:45;45306,98999;1900-01;0;;
1313;West;24620.135096034504;10.0;2023-11-29 17:32:15.135135132;122;58;0;New;Direct;Credit Card;1;Toys;29.11.2023 17:32;45259,73073;1900-01;0;;
1314;East;19075.489317785054;10.0;2023-01-18 21:09:54.594594594;114;33;0;VIP;In-Store;Cash;7;Clothing;18.01.2023 21:09;44944,88188;1900-01;0;;
1315;East;17386.3848974048;10.0;2023-07-13 12:10:48.648648648;126;75;0;VIP;In-Store;Credit Card;5;Clothing;13.07.2023 12:10;45120,5075;1900-01;0;;
1316;West;25245.046129184448;5.0;2024-09-26 04:02:09.729729728;174;16;1;Returning;Direct;Credit Card;1;Books;26.09.2024 4:02;45561,16816;1900-01;0;;
1317;East;16478.281547286206;15.0;2023-10-24 07:52:47.567567568;163;82;0;VIP;In-Store;Credit Card;4;Health & Beauty;24.10.2023 7:52;45223,32832;1900-01;0;;
1318;North;12957.693518182201;;2023-11-16 22:59:27.567567564;180;94;0;VIP;In-Store;Cash;4;Clothing;16.11.2023 22:59;45246,95795;1900-01;0;;
1319;East;12216.854132380482;;2023-10-12 04:39:38.378378376;150;48;1;Returning;In-Store;Bank Transfer;10;Clothing;12.10.2023 4:39;45211,19419;1900-01;0;;
1320;South;23030.0497567282;15.0;2024-02-05 10:14:03.243243240;152;10;1;VIP;Online;Cash;7;Sports;05.02.2024 10:14;45327,42642;1900-01;0;;
1321;West;13597.853237518584;;2023-11-09 07:03:47.027027024;177;82;0;Returning;In-Store;Bank Transfer;9;Books;09.11.2023 7:03;45239,29429;1900-01;0;;
1322;North;28773.970909921823;5.0;2024-05-13 03:18:55.135135136;190;38;0;New;Direct;Credit Card;2;Toys;13.05.2024 3:18;45425,13814;1900-01;0;;
1323;West;9590.35296058139;;2023-09-30 16:46:07.567567568;181;19;0;Returning;Direct;Bank Transfer;1;Sports;30.09.2023 16:46;45199,69869;1900-01;0;;
1324;South;28482.28184145019;10.0;2023-12-23 08:38:55.135135132;191;36;0;New;In-Store;Credit Card;2;Sports;23.12.2023 8:38;45283,36036;1900-01;0;;
1325;South;21055.087336013094;15.0;2023-08-17 15:10:59.459459460;150;59;0;New;In-Store;Credit Card;7;Home & Kitchen;17.08.2023 15:10;45155,63263;1900-01;0;;
1326;South;19516.434440648038;5.0;2024-09-04 10:54:24.864864864;146;63;0;VIP;In-Store;Cash;10;Electronics;04.09.2024 10:54;45539,45444;1900-01;0;;
1327;East;17275.40456595525;15.0;2023-02-27 11:27:34.054054054;103;77;0;VIP;Direct;Credit Card;6;Home & Kitchen;27.02.2023 11:27;44984,47748;1900-01;0;;
1328;East;21995.680571760353;5.0;2023-02-03 05:01:15.675675675;106;46;0;VIP;Direct;Cash;4;Clothing;03.02.2023 5:01;44960,2092;1900-01;0;;
1329;West;0;10.0;2024-04-10 13:37:17.837837832;134;3;0;Returning;Online;Bank Transfer;1;Health & Beauty;10.04.2024 13:37;45392,56756;1900-01;0;;
1330;West;25516.509410082606;15.0;2024-07-02 14:10:27.027027024;147;74;0;VIP;Online;Bank Transfer;1;Electronics;02.07.2024 14:10;45475,59059;1900-01;0;;
1331;North;20571.138243310197;;2024-01-11 12:28:06.486486484;172;65;0;New;Online;Credit Card;5;Electronics;11.01.2024 12:28;45302,51951;1900-01;0;;
1332;North;20751.508807309387;5.0;2023-05-10 15:26:50.810810810;171;91;0;VIP;Direct;Cash;1;Health & Beauty;10.05.2023 15:26;45056,64363;1900-01;0;;
1333;West;18181.93893893072;15.0;2023-12-21 10:40:00.000000000;144;8;0;VIP;Online;Credit Card;7;Electronics;21.12.2023 10:40;45281,44444;1900-01;0;;
1334;East;19715.271881394663;;2023-04-09 23:44:08.648648648;180;51;0;Returning;In-Store;Cash;1;Health & Beauty;09.04.2023 23:44;45025,98898;1900-01;0;;
1335;South;21539.008844460295;15.0;2023-01-01 15:19:38.378378378;180;81;0;Returning;In-Store;Cash;1;Electronics;01.01.2023 15:19;44927,63863;1900-01;0;;
1336;West;11449.158036716872;15.0;2023-08-16 08:31:42.702702700;196;73;1;New;Direct;Cash;2;Sports;16.08.2023 8:31;45154,35535;1900-01;0;;
1337;North;13259.072889471434;15.0;2024-06-10 05:43:03.783783784;195;6;0;Returning;Online;Bank Transfer;10;Books;10.06.2024 5:43;45453,23823;1900-01;0;;
1338;East;23716.320470113576;5.0;2023-12-29 17:55:18.918918916;171;89;0;VIP;In-Store;Cash;3;Books;29.12.2023 17:55;45289,74674;1900-01;0;;
1339;West;20854.32719063971;;2024-05-26 13:11:21.081081080;118;39;0;Returning;Direct;Bank Transfer;1;Home & Kitchen;26.05.2024 13:11;45438,54955;1900-01;0;;
1340;West;0;10.0;2024-09-19 03:26:07.567567568;162;60;0;New;Online;Cash;9;Sports;19.09.2024 3:26;45554,14314;1900-01;0;;
1341;East;0;5.0;2023-02-06 09:39:27.567567567;137;28;0;VIP;In-Store;Bank Transfer;10;Electronics;06.02.2023 9:39;44963,4024;1900-01;0;;
1342;West;21737.908526808355;5.0;2023-06-11 13:48:49.729729728;166;97;0;New;Online;Bank Transfer;8;Toys;11.06.2023 13:48;45088,57557;1900-01;0;;
1343;East;17301.201598453194;5.0;2023-04-25 07:35:29.729729730;158;54;0;Returning;Direct;Bank Transfer;5;Health & Beauty;25.04.2023 7:35;45041,31631;1900-01;0;;
1344;South;16108.476372988436;10.0;2023-11-11 05:02:42.162162160;168;37;0;Returning;Online;Credit Card;2;Sports;11.11.2023 5:02;45241,21021;1900-01;0;;
1345;East;20979.226275488407;;2024-03-02 14:39:16.756756752;112;9;0;New;Direct;Cash;5;Electronics;02.03.2024 14:39;45353,6106;1900-01;0;;
1346;East;15108.13611192484;;2023-01-22 17:07:44.864864864;146;82;0;VIP;Online;Credit Card;6;Books;22.01.2023 17:07;44948,7137;1900-01;0;;
1347;East;22041.26377857236;;2023-02-17 06:13:20.000000000;160;56;1;Returning;In-Store;Cash;1;Books;17.02.2023 6:13;44974,25926;1900-01;0;;
1348;West;11487.081978810798;15.0;2024-08-25 05:40:10.810810808;130;59;1;Returning;Direct;Cash;4;Health & Beauty;25.08.2024 5:40;45529,23623;1900-01;0;;
1349;West;25145.778186628217;15.0;2023-07-03 22:16:12.972972972;179;85;0;VIP;Direct;Credit Card;9;Toys;03.07.2023 22:16;45110,92792;1900-01;0;;
1350;East;22362.987412065217;15.0;2023-08-25 07:06:40.000000000;195;2;0;Returning;Direct;Bank Transfer;2;Electronics;25.08.2023 7:06;45163,2963;1900-01;0;;
1351;West;21280.14867156938;10.0;2024-01-10 05:48:49.729729728;121;61;0;New;Online;Cash;5;Electronics;10.01.2024 5:48;45301,24223;1900-01;0;;
1352;North;24913.45491972757;15.0;2023-07-29 11:21:48.108108108;192;58;0;Returning;Online;Bank Transfer;1;Toys;29.07.2023 11:21;45136,47347;1900-01;0;;
1353;North;28327.372222312883;10.0;2024-01-12 03:47:44.864864864;185;60;0;Returning;In-Store;Credit Card;4;Toys;12.01.2024 3:47;45303,15815;1900-01;0;;
1354;West;25071.85032509065;;2024-05-04 04:43:57.837837832;142;40;1;VIP;Direct;Bank Transfer;4;Toys;04.05.2024 4:43;45416,19719;1900-01;0;;
1355;West;10795.628843341774;15.0;2024-05-10 14:00:21.621621616;166;36;0;New;Direct;Cash;6;Books;10.05.2024 14:00;45422,58358;1900-01;0;;
1356;nan;13602.115166321491;15.0;2024-09-29 08:40:21.621621616;153;37;0;VIP;Online;Cash;10;Health & Beauty;29.09.2024 8:40;45564,36135;1900-01;0;;
1357;South;0;5.0;2023-07-13 12:10:48.648648648;109;79;0;Returning;Online;Cash;9;Sports;13.07.2023 12:10;45120,5075;1900-01;0;;
1358;West;0;10.0;2024-01-05 03:11:42.702702700;141;92;1;Returning;In-Store;Credit Card;3;Toys;05.01.2024 3:11;45296,13313;1900-01;0;;
1359;North;22588.295102345615;;2023-05-21 12:00:43.243243242;163;18;0;VIP;In-Store;Cash;9;Health & Beauty;21.05.2023 12:00;45067,5005;1900-01;0;;
1360;East;16371.280934232673;5.0;2024-09-16 14:07:34.054054048;120;98;0;VIP;Online;Credit Card;6;Home & Kitchen;16.09.2024 14:07;45551,58859;1900-01;0;;
1361;West;20933.833822385393;5.0;2023-04-15 02:21:15.675675675;179;63;0;VIP;Direct;Bank Transfer;7;Electronics;15.04.2023 2:21;45031,09809;1900-01;0;;
1362;North;16223.085338233388;;2023-11-02 21:47:23.243243240;175;22;0;New;In-Store;Cash;10;Electronics;02.11.2023 21:47;45232,90791;1900-01;0;;
1363;North;16942.41098504026;5.0;2023-10-17 22:36:23.783783784;165;11;0;Returning;Online;Cash;2;Clothing;17.10.2023 22:36;45216,94193;1900-01;0;;
1364;South;12966.694515758889;10.0;2023-08-27 20:25:13.513513512;140;58;1;VIP;Online;Cash;10;Home & Kitchen;27.08.2023 20:25;45165,85084;1900-01;0;;
1365;East;15383.833769445479;10.0;2023-05-20 20:41:04.864864864;123;57;0;Returning;Direct;Bank Transfer;6;Sports;20.05.2023 20:41;45066,86185;1900-01;0;;
1366;East;13241.576971918332;15.0;2024-03-12 04:33:52.432432432;134;77;0;New;Online;Cash;6;Toys;12.03.2024 4:33;45363,19019;1900-01;0;;
1367;South;15120.633735113337;5.0;2023-06-11 13:48:49.729729728;155;4;0;New;Online;Credit Card;2;Toys;11.06.2023 13:48;45088,57557;1900-01;0;;
1368;South;25268.2089830392;15.0;2024-04-05 11:00:10.810810808;129;86;0;New;In-Store;Bank Transfer;2;Sports;05.04.2024 11:00;45387,45845;1900-01;0;;
1369;East;15253.005555840286;5.0;2023-04-30 10:12:36.756756756;156;7;0;New;Online;Bank Transfer;2;Books;30.04.2023 10:12;45046,42542;1900-01;0;;
1370;East;33161.91032418695;10.0;2023-05-02 08:11:31.891891892;193;61;0;Returning;Online;Bank Transfer;10;Home & Kitchen;02.05.2023 8:11;45048,34133;1900-01;0;;
1371;West;22466.589504404445;10.0;2023-09-05 19:00:10.810810808;146;54;0;New;In-Store;Bank Transfer;1;Toys;05.09.2023 19:00;45174,79178;1900-01;0;;
1372;West;20924.18061847437;10.0;2023-05-17 16:02:52.972972972;134;88;0;New;Direct;Bank Transfer;5;Clothing;17.05.2023 16:02;45063,66866;1900-01;0;;
1373;South;15708.211099093933;5.0;2023-08-27 20:25:13.513513512;118;68;0;VIP;Direct;Credit Card;8;Health & Beauty;27.08.2023 20:25;45165,85084;1900-01;0;;
1374;nan;23501.549397044957;10.0;2023-02-24 06:49:22.162162162;107;92;0;New;In-Store;Bank Transfer;2;Electronics;24.02.2023 6:49;44981,28428;1900-01;0;;
1375;North;17121.81086881113;5.0;2023-10-30 01:49:32.972972972;125;79;0;VIP;In-Store;Cash;5;Home & Kitchen;30.10.2023 1:49;45229,07606;1900-01;0;;
1376;West;20610.049073226808;15.0;2024-01-30 00:57:39.459459456;170;1;0;New;Direct;Bank Transfer;8;Electronics;30.01.2024 0:57;45321,04003;1900-01;0;;
1377;West;32800.42269134397;5.0;2024-06-22 08:56:12.972972968;129;55;0;New;Direct;Bank Transfer;10;Health & Beauty;22.06.2024 8:56;45465,37236;1900-01;0;;
1378;North;19519.700501376752;15.0;2024-05-30 09:09:11.351351352;106;3;0;VIP;Direct;Bank Transfer;5;Home & Kitchen;30.05.2024 9:09;45442,38138;1900-01;0;;
1379;South;25746.36663142838;5.0;2023-12-05 11:29:00.540540540;166;78;0;New;Direct;Bank Transfer;2;Health & Beauty;05.12.2023 11:29;45265,47847;1900-01;0;;
1380;North;16484.117874370564;15.0;2023-01-30 09:03:25.405405405;164;38;0;Returning;Direct;Bank Transfer;3;Toys;30.01.2023 9:03;44956,37737;1900-01;0;;
1381;West;19825.057547515193;10.0;2023-02-10 20:56:56.216216216;135;1;0;Returning;In-Store;Credit Card;6;Sports;10.02.2023 20:56;44967,87287;1900-01;0;;
1382;South;28854.00317817755;15.0;2024-09-06 08:53:20.000000000;124;38;0;New;Online;Credit Card;5;Toys;06.09.2024 8:53;45541,37037;1900-01;0;;
1383;West;16865.164711061163;10.0;2023-10-30 17:09:11.351351348;136;85;0;Returning;Direct;Bank Transfer;4;Sports;30.10.2023 17:09;45229,71471;1900-01;0;;
1384;North;29062.242789984644;10.0;2023-04-03 14:27:44.864864864;100;29;0;VIP;Direct;Credit Card;4;Toys;03.04.2023 14:27;45019,60259;1900-01;0;;
1385;North;0;15.0;2024-08-26 12:19:27.567567568;114;5;0;New;Online;Cash;5;Health & Beauty;26.08.2024 12:19;45530,51351;1900-01;0;;
1386;West;17187.666120528662;5.0;2024-05-23 23:52:47.567567568;136;74;1;New;Online;Bank Transfer;2;Health & Beauty;23.05.2024 23:52;45435,99499;1900-01;0;;
1387;East;23162.038695277606;5.0;2023-09-01 07:42:42.162162160;112;92;0;VIP;Online;Cash;9;Health & Beauty;01.09.2023 7:42;45170,32132;1900-01;0;;
1388;East;24862.77224813365;;2023-02-11 12:16:34.594594594;107;21;0;VIP;Online;Cash;2;Electronics;11.02.2023 12:16;44968,5115;1900-01;0;;
1389;North;0;5.0;2023-11-26 12:54:03.243243240;104;71;0;VIP;Online;Bank Transfer;10;Health & Beauty;26.11.2023 12:54;45256,53753;1900-01;0;;
1390;North;12148.876400547717;;2023-02-28 18:06:50.810810810;159;67;1;New;Online;Cash;2;Toys;28.02.2023 18:06;44985,75475;1900-01;0;;
1391;East;16364.314120875657;5.0;2024-07-05 18:48:38.918918912;172;47;0;VIP;In-Store;Cash;10;Clothing;05.07.2024 18:48;45478,78377;1900-01;0;;
1392;East;18762.406822242476;5.0;2023-09-29 10:06:50.810810808;100;84;0;VIP;Online;Cash;9;Health & Beauty;29.09.2023 10:06;45198,42141;1900-01;0;;
1393;West;19627.832854499768;10.0;2023-10-26 05:51:42.702702700;135;83;0;Returning;Online;Bank Transfer;3;Clothing;26.10.2023 5:51;45225,24424;1900-01;0;;
1394;West;23103.36048775339;;2023-03-01 09:26:29.189189189;134;35;0;Returning;In-Store;Bank Transfer;10;Sports;01.03.2023 9:26;44986,39339;1900-01;0;;
1395;East;20888.50500466627;5.0;2024-01-30 00:57:39.459459456;165;68;0;New;Online;Cash;7;Toys;30.01.2024 0:57;45321,04003;1900-01;0;;
1396;West;13323.278206449493;;2023-03-26 07:12:25.945945946;162;69;0;Returning;Direct;Bank Transfer;4;Health & Beauty;26.03.2023 7:12;45011,30029;1900-01;0;;
1397;West;21900.989255029817;10.0;2023-10-04 12:43:57.837837836;122;1;0;Returning;Direct;Bank Transfer;6;Electronics;04.10.2023 12:43;45203,53052;1900-01;0;;
1398;South;23052.928726419115;10.0;2023-08-06 03:17:28.648648648;108;68;0;VIP;Online;Cash;4;Electronics;06.08.2023 3:17;45144,13713;1900-01;0;;
1399;West;0;;2023-07-19 21:27:12.432432432;133;12;0;VIP;In-Store;Bank Transfer;10;Sports;19.07.2023 21:27;45126,89389;1900-01;0;;
1400;North;25403.90362777311;10.0;2024-01-12 19:07:23.243243240;145;60;0;Returning;Direct;Credit Card;7;Clothing;12.01.2024 19:07;45303,79679;1900-01;0;;
1401;West;24169.61077274452;15.0;2023-05-15 18:03:57.837837838;177;27;0;Returning;In-Store;Bank Transfer;1;Books;15.05.2023 18:03;45061,75274;1900-01;0;;
1402;nan;22295.900396142184;15.0;2023-11-28 10:52:58.378378376;103;56;0;Returning;Direct;Credit Card;3;Electronics;28.11.2023 10:52;45258,45345;1900-01;0;;
1403;East;19649.171442706764;10.0;2023-04-11 21:43:03.783783783;129;23;0;New;Online;Cash;3;Electronics;11.04.2023 21:43;45027,9049;1900-01;0;;
1404;North;11695.195332420042;15.0;2023-06-20 12:23:47.027027026;194;25;1;New;In-Store;Bank Transfer;1;Electronics;20.06.2023 12:23;45097,51652;1900-01;0;;
1405;West;22148.09109566293;5.0;2024-02-26 12:02:09.729729728;174;21;0;New;In-Store;Cash;6;Toys;26.02.2024 12:02;45348,50149;1900-01;0;;
1406;West;21038.438435815555;;2024-07-03 20:49:43.783783784;198;61;0;Returning;In-Store;Cash;9;Electronics;03.07.2024 20:49;45476,86786;1900-01;0;;
1407;South;21357.894185976867;5.0;2024-09-03 04:15:08.108108104;171;63;0;Returning;Direct;Cash;8;Home & Kitchen;03.09.2024 4:15;45538,17718;1900-01;0;;
1408;West;13616.257120898452;;2024-01-20 11:03:03.783783780;102;52;0;New;Direct;Cash;7;Health & Beauty;20.01.2024 11:03;45311,46045;1900-01;0;;
1409;West;14594.717297958689;10.0;2024-04-22 01:30:48.648648648;113;88;1;New;Direct;Cash;10;Sports;22.04.2024 1:30;45404,06306;1900-01;0;;
1410;South;25265.76426666452;5.0;2023-10-30 01:49:32.972972972;159;25;0;Returning;Online;Bank Transfer;8;Electronics;30.10.2023 1:49;45229,07606;1900-01;0;;
1411;East;19802.224230716725;10.0;2024-05-25 21:51:42.702702704;176;55;0;VIP;Direct;Credit Card;6;Books;25.05.2024 21:51;45437,9109;1900-01;0;;
1412;West;23407.503486863123;10.0;2023-09-19 04:52:36.756756756;144;46;0;New;Online;Bank Transfer;9;Books;19.09.2023 4:52;45188,20319;1900-01;0;;
1413;South;20141.591880652304;;2023-10-30 01:49:32.972972972;195;32;0;Returning;In-Store;Bank Transfer;3;Electronics;30.10.2023 1:49;45229,07606;1900-01;0;;
1414;North;20148.780697478727;;2023-08-15 17:12:04.324324324;133;55;0;Returning;In-Store;Bank Transfer;10;Electronics;15.08.2023 17:12;45153,71671;1900-01;0;;
1415;East;24691.419029879988;;2024-03-09 15:15:18.918918920;144;96;0;VIP;Online;Bank Transfer;10;Home & Kitchen;09.03.2024 15:15;45360,63563;1900-01;0;;
1416;North;17419.776358913132;5.0;2023-05-03 14:50:48.648648648;160;5;0;Returning;Direct;Credit Card;9;Electronics;03.05.2023 14:50;45049,61861;1900-01;0;;
1417;North;20480.603884704917;15.0;2024-03-21 18:28:28.108108104;182;36;0;Returning;Online;Bank Transfer;4;Electronics;21.03.2024 18:28;45372,76977;1900-01;0;;
1418;South;17688.623556474788;;2023-06-22 10:22:42.162162162;115;49;0;New;In-Store;Cash;7;Health & Beauty;22.06.2023 10:22;45099,43243;1900-01;0;;
1419;West;17827.51886283842;;2023-03-14 03:59:16.756756756;165;58;1;New;In-Store;Bank Transfer;9;Books;14.03.2023 3:59;44999,16616;1900-01;0;;
1420;South;18454.139382656802;5.0;2024-07-26 05:17:07.027027024;139;39;0;VIP;Online;Bank Transfer;2;Home & Kitchen;26.07.2024 5:17;45499,22022;1900-01;0;;
1421;South;21110.668858168563;;2023-11-30 08:51:53.513513512;116;80;0;VIP;Direct;Credit Card;2;Books;30.11.2023 8:51;45260,36936;1900-01;0;;
1422;South;17606.256891682613;5.0;2023-02-04 11:40:32.432432432;133;97;0;Returning;Direct;Credit Card;9;Home & Kitchen;04.02.2023 11:40;44961,48648;1900-01;0;;
1423;South;26278.780627867603;10.0;2024-05-06 02:42:52.972972968;115;85;0;New;Online;Cash;3;Books;06.05.2024 2:42;45418,1131;1900-01;0;;
1424;East;15526.96348890248;;2023-02-10 20:56:56.216216216;159;61;0;VIP;Online;Bank Transfer;9;Electronics;10.02.2023 20:56;44967,87287;1900-01;0;;
1425;West;19065.641779193204;;2024-09-24 06:03:14.594594592;165;9;0;VIP;Direct;Bank Transfer;5;Books;24.09.2024 6:03;45559,25225;1900-01;0;;
1426;North;0;10.0;2024-03-12 04:33:52.432432432;165;6;0;VIP;In-Store;Bank Transfer;6;Books;12.03.2024 4:33;45363,19019;1900-01;0;;
1427;North;27234.889421768665;10.0;2023-06-23 01:42:20.540540540;189;35;0;Returning;Online;Cash;2;Home & Kitchen;23.06.2023 1:42;45100,07106;1900-01;0;;
1428;West;20982.773882557874;10.0;2023-11-16 22:59:27.567567564;112;39;0;New;Direct;Credit Card;8;Sports;16.11.2023 22:59;45246,95795;1900-01;0;;
1429;North;25159.222697343175;;2024-02-27 03:21:48.108108104;155;22;0;VIP;Direct;Cash;9;Clothing;27.02.2024 3:21;45349,14014;1900-01;0;;
1430;West;0;15.0;2023-08-19 13:09:54.594594592;130;41;0;New;In-Store;Bank Transfer;2;Home & Kitchen;19.08.2023 13:09;45157,54854;1900-01;0;;
1431;North;21335.251329346294;15.0;2023-04-03 14:27:44.864864864;133;5;0;VIP;In-Store;Credit Card;6;Home & Kitchen;03.04.2023 14:27;45019,60259;1900-01;0;;
1432;nan;24448.153978117185;15.0;2024-08-24 14:20:32.432432432;138;42;0;VIP;In-Store;Credit Card;6;Home & Kitchen;24.08.2024 14:20;45528,59759;1900-01;0;;
1433;North;20411.419946377122;;2023-05-13 20:05:02.702702702;166;87;0;New;In-Store;Cash;8;Toys;13.05.2023 20:05;45059,83683;1900-01;0;;
1434;West;25327.401875326756;10.0;2023-07-02 00:17:17.837837836;107;81;0;New;In-Store;Credit Card;10;Sports;02.07.2023 0:17;45109,012;1900-01;0;;
1435;West;17413.55774949814;;2023-01-06 17:56:45.405405405;186;76;0;New;Online;Credit Card;5;Toys;06.01.2023 17:56;44932,74774;1900-01;0;;
1436;West;27046.7372009279;10.0;2024-04-16 07:34:03.243243240;177;87;0;Returning;Direct;Bank Transfer;9;Toys;16.04.2024 7:34;45398,31531;1900-01;0;;
1437;West;31494.49061809625;;2023-04-29 03:33:20.000000000;154;80;0;VIP;Online;Bank Transfer;1;Home & Kitchen;29.04.2023 3:33;45045,14815;1900-01;0;;
1438;West;18185.807197801703;;2024-01-01 22:33:30.810810808;126;67;0;Returning;Online;Credit Card;9;Clothing;01.01.2024 22:33;45292,93993;1900-01;0;;
1439;East;17772.48739299614;10.0;2024-01-16 15:05:13.513513512;192;30;0;New;Online;Credit Card;10;Home & Kitchen;16.01.2024 15:05;45307,62862;1900-01;0;;
1440;East;27266.922385588507;15.0;2023-10-23 16:33:09.189189188;152;57;0;VIP;Online;Cash;7;Electronics;23.10.2023 16:33;45222,68969;1900-01;0;;
1441;North;27897.860728653563;10.0;2023-03-26 22:32:04.324324324;138;86;0;Returning;Online;Cash;4;Clothing;26.03.2023 22:32;45011,93894;1900-01;0;;
1442;West;17385.69986423366;5.0;2024-06-16 14:59:27.567567568;164;73;0;VIP;In-Store;Credit Card;3;Toys;16.06.2024 14:59;45459,62462;1900-01;0;;
1443;North;17899.065914520714;5.0;2024-05-31 00:28:49.729729728;116;29;0;Returning;In-Store;Bank Transfer;10;Books;31.05.2024 0:28;45443,02001;1900-01;0;;
1444;West;18591.076955697463;10.0;2023-04-19 13:38:44.324324324;129;37;0;New;Direct;Credit Card;6;Books;19.04.2023 13:38;45035,56856;1900-01;0;;
1445;West;13277.747444828616;;2023-05-16 09:23:36.216216216;152;87;0;Returning;Online;Credit Card;1;Sports;16.05.2023 9:23;45062,39139;1900-01;0;;
1446;East;15406.740267579009;5.0;2024-09-12 18:09:43.783783784;112;13;0;VIP;Direct;Bank Transfer;3;Health & Beauty;12.09.2024 18:09;45547,75675;1900-01;0;;
1447;East;14979.296166239661;5.0;2023-12-04 20:09:22.162162160;120;32;0;VIP;In-Store;Bank Transfer;2;Sports;04.12.2023 20:09;45264,83984;1900-01;0;;
1448;South;16161.012174479358;;2024-06-10 21:02:42.162162160;118;46;0;VIP;In-Store;Cash;9;Clothing;10.06.2024 21:02;45453,87688;1900-01;0;;
1449;East;19826.575563066093;;2023-11-16 22:59:27.567567564;152;23;0;VIP;In-Store;Cash;3;Toys;16.11.2023 22:59;45246,95795;1900-01;0;;
1450;South;21171.073662682604;15.0;2023-12-31 15:54:14.054054052;118;45;0;New;Online;Cash;2;Clothing;31.12.2023 15:54;45291,66266;1900-01;0;;
1451;South;27752.502464070385;;2024-01-18 13:04:08.648648648;156;17;0;Returning;Online;Cash;4;Clothing;18.01.2024 13:04;45309,54454;1900-01;0;;
1452;South;15008.229796306045;10.0;2023-01-17 14:30:37.837837837;124;85;0;New;In-Store;Bank Transfer;2;Books;17.01.2023 14:30;44943,60459;1900-01;0;;
1453;South;24921.611992382917;10.0;2023-02-12 18:55:51.351351351;185;66;0;New;Direct;Credit Card;1;Home & Kitchen;12.02.2023 18:55;44969,78878;1900-01;0;;
1454;South;18930.055778872455;15.0;2024-05-18 21:15:40.540540536;130;6;0;New;Direct;Cash;6;Electronics;18.05.2024 21:15;45430,88588;1900-01;0;;
1455;North;19752.681451737837;5.0;2023-09-17 22:13:20.000000000;180;18;0;VIP;In-Store;Cash;10;Health & Beauty;17.09.2023 22:13;45186,92593;1900-01;0;;
1456;East;23374.097460833018;5.0;2023-12-18 21:21:26.486486484;154;94;0;VIP;Direct;Bank Transfer;8;Toys;18.12.2023 21:21;45278,88988;1900-01;0;;
1457;South;14386.389892188507;;2023-03-10 23:21:04.864864864;122;22;0;VIP;In-Store;Bank Transfer;10;Clothing;10.03.2023 23:21;44995,97296;1900-01;0;;
1458;West;0;10.0;2023-02-16 14:53:41.621621621;131;33;0;Returning;Direct;Credit Card;10;Health & Beauty;16.02.2023 14:53;44973,62061;1900-01;0;;
1459;East;20832.26104106528;5.0;2024-01-04 11:52:04.324324324;161;30;0;VIP;In-Store;Credit Card;2;Clothing;04.01.2024 11:52;45295,49449;1900-01;0;;
1460;East;22462.256320040746;15.0;2024-03-09 15:15:18.918918920;173;81;0;Returning;Direct;Bank Transfer;9;Books;09.03.2024 15:15;45360,63563;1900-01;0;;
1461;South;21445.843219539092;15.0;2023-06-16 16:25:56.756756756;109;32;0;VIP;Online;Cash;3;Electronics;16.06.2023 16:25;45093,68468;1900-01;0;;
1462;North;32276.50069955447;10.0;2023-08-23 09:07:44.864864864;199;42;0;VIP;In-Store;Cash;8;Books;23.08.2023 9:07;45161,38037;1900-01;0;;
1463;South;16811.30007874342;15.0;2024-05-16 07:57:07.027027024;171;78;0;New;In-Store;Cash;8;Health & Beauty;16.05.2024 7:57;45428,33133;1900-01;0;;
1464;North;17345.01522499091;15.0;2024-06-25 13:34:24.864864864;153;10;0;New;Direct;Credit Card;3;Toys;25.06.2024 13:34;45468,56556;1900-01;0;;
1465;West;16884.297367876177;10.0;2024-07-08 23:26:50.810810808;151;36;0;New;In-Store;Cash;3;Clothing;08.07.2024 23:26;45481,97697;1900-01;0;;
1466;East;17222.614404198728;;2023-05-31 17:14:57.297297296;119;34;0;Returning;In-Store;Cash;6;Electronics;31.05.2023 17:14;45077,71872;1900-01;0;;
1467;West;16813.064363467412;;2024-04-08 15:38:22.702702704;131;73;1;Returning;In-Store;Bank Transfer;1;Books;08.04.2024 15:38;45390,65164;1900-01;0;;
1468;North;25945.082655537757;15.0;2023-08-22 02:28:28.108108108;113;28;0;VIP;Online;Cash;4;Health & Beauty;22.08.2023 2:28;45160,1031;1900-01;0;;
1469;North;27102.521239949274;;2023-07-02 00:17:17.837837836;149;11;1;Returning;Online;Bank Transfer;1;Books;02.07.2023 0:17;45109,012;1900-01;0;;
1470;West;17146.26853125262;;2023-08-29 18:24:08.648648648;127;78;1;VIP;Direct;Cash;3;Clothing;29.08.2023 18:24;45167,76676;1900-01;0;;
1471;North;15838.222134478856;15.0;2024-02-26 12:02:09.729729728;152;39;0;Returning;Online;Credit Card;9;Clothing;26.02.2024 12:02;45348,50149;1900-01;0;;
1472;West;22357.07778193202;;2024-06-13 10:21:15.675675672;123;47;0;Returning;Direct;Cash;5;Toys;13.06.2024 10:21;45456,43142;1900-01;0;;
1473;East;17238.884778595144;15.0;2024-07-31 23:13:52.432432432;178;19;0;Returning;Online;Cash;5;Electronics;31.07.2024 23:13;45504,96796;1900-01;0;;
1474;West;23164.659088777553;5.0;2023-08-28 11:44:51.891891892;121;15;0;New;Direct;Bank Transfer;4;Home & Kitchen;28.08.2023 11:44;45166,48948;1900-01;0;;
1475;East;21014.6151042565;10.0;2024-01-30 16:17:17.837837836;129;28;0;Returning;Online;Bank Transfer;3;Books;30.01.2024 16:17;45321,67867;1900-01;0;;
1476;West;12421.27942501384;10.0;2024-02-21 09:25:02.702702700;162;24;0;New;Online;Bank Transfer;5;Clothing;21.02.2024 9:25;45343,39238;1900-01;0;;
1477;North;27737.526006650307;;2023-02-17 21:32:58.378378378;103;72;0;New;Direct;Cash;4;Health & Beauty;17.02.2023 21:32;44974,89789;1900-01;0;;
1478;West;28979.388365477607;;2023-01-06 02:37:07.027027027;176;9;0;Returning;In-Store;Cash;8;Books;06.01.2023 2:37;44932,10911;1900-01;0;;
1479;North;16936.056547578068;;2023-05-05 12:49:43.783783784;158;47;0;VIP;In-Store;Credit Card;4;Toys;05.05.2023 12:49;45051,53453;1900-01;0;;
1480;West;18061.49220032008;10.0;2024-05-29 17:49:32.972972968;186;33;0;VIP;Online;Cash;8;Toys;29.05.2024 17:49;45441,74273;1900-01;0;;
1481;West;21429.326953624524;5.0;2024-05-20 03:54:57.297297296;107;62;0;VIP;Direct;Credit Card;6;Clothing;20.05.2024 3:54;45432,16316;1900-01;0;;
1482;South;21672.283949935125;5.0;2024-07-23 15:58:33.513513512;181;97;0;Returning;In-Store;Bank Transfer;5;Clothing;23.07.2024 15:58;45496,66566;1900-01;0;;
1483;North;0;10.0;2024-02-06 16:53:19.999999996;111;19;0;VIP;Direct;Bank Transfer;4;Clothing;06.02.2024 16:53;45328,70369;1900-01;0;;
1484;nan;30051.02269383175;5.0;2023-07-04 13:35:51.351351350;130;67;1;New;In-Store;Bank Transfer;4;Sports;04.07.2023 13:35;45111,56656;1900-01;0;;
1485;North;19115.26386252975;10.0;2024-09-29 08:40:21.621621616;177;74;0;VIP;Direct;Credit Card;4;Home & Kitchen;29.09.2024 8:40;45564,36135;1900-01;0;;
1486;South;16008.513777307731;5.0;2023-02-08 07:38:22.702702702;133;40;0;Returning;Online;Cash;9;Clothing;08.02.2023 7:38;44965,31831;1900-01;0;;
1487;East;13103.403859927363;15.0;2024-08-20 18:22:42.162162160;181;47;0;VIP;Direct;Bank Transfer;4;Books;20.08.2024 18:22;45524,76576;1900-01;0;;
1488;West;16345.349800290405;15.0;2023-09-05 19:00:10.810810808;197;65;0;New;In-Store;Cash;9;Books;05.09.2023 19:00;45174,79178;1900-01;0;;
1489;North;19834.365135631015;10.0;2024-06-24 06:55:08.108108104;174;29;0;Returning;Online;Cash;10;Sports;24.06.2024 6:55;45467,28829;1900-01;0;;
1490;North;28972.78931758894;5.0;2024-06-05 18:25:35.135135136;175;50;0;VIP;Direct;Bank Transfer;6;Sports;05.06.2024 18:25;45448,76777;1900-01;0;;
1491;West;0;;2024-07-28 03:16:02.162162160;148;98;0;Returning;In-Store;Credit Card;10;Electronics;28.07.2024 3:16;45501,13613;1900-01;0;;
1492;North;21118.939758194494;5.0;2023-12-25 21:57:28.648648648;178;13;0;Returning;Online;Cash;7;Health & Beauty;25.12.2023 21:57;45285,91491;1900-01;0;;
1493;North;19917.88551963624;15.0;2023-12-26 13:17:07.027027024;156;1;1;Returning;Direct;Bank Transfer;10;Clothing;26.12.2023 13:17;45286,55355;1900-01;0;;
1494;South;25941.96636724042;15.0;2024-02-09 06:11:53.513513512;194;34;0;VIP;In-Store;Cash;3;Books;09.02.2024 6:11;45331,25825;1900-01;0;;
1495;North;32634.66212936811;5.0;2024-03-08 23:55:40.540540536;192;93;0;Returning;Direct;Cash;8;Sports;08.03.2024 23:55;45359,99699;1900-01;0;;
1496;East;17345.656135398396;5.0;2023-01-05 11:17:28.648648648;125;48;0;VIP;Direct;Cash;3;Books;05.01.2023 11:17;44931,47046;1900-01;0;;
1497;East;17552.802787408888;;2023-08-24 00:27:23.243243240;117;77;0;New;Online;Cash;1;Books;24.08.2023 0:27;45162,01902;1900-01;0;;
1498;West;25220.80438534536;;2023-01-29 02:24:08.648648648;195;48;0;VIP;Online;Cash;10;Sports;29.01.2023 2:24;44955,10009;1900-01;0;;
1499;North;23409.457448131558;5.0;2023-08-08 01:16:23.783783784;185;49;0;New;In-Store;Credit Card;5;Home & Kitchen;08.08.2023 1:16;45146,05304;1900-01;0;;
1500;West;29233.536628680165;5.0;2024-04-27 19:27:34.054054048;137;64;0;VIP;Online;Credit Card;2;Sports;27.04.2024 19:27;45409,81081;1900-01;0;;
1501;East;22919.64092662982;5.0;2024-05-22 17:13:30.810810808;180;61;1;Returning;In-Store;Bank Transfer;10;Sports;22.05.2024 17:13;45434,71771;1900-01;0;;
1502;North;18203.5395460647;5.0;2023-08-27 20:25:13.513513512;186;29;0;VIP;Direct;Credit Card;6;Health & Beauty;27.08.2023 20:25;45165,85084;1900-01;0;;
1503;North;22953.274153461545;10.0;2024-01-30 16:17:17.837837836;187;39;0;Returning;Direct;Credit Card;10;Sports;30.01.2024 16:17;45321,67867;1900-01;0;;
1504;West;25543.517902914537;5.0;2023-01-17 14:30:37.837837837;149;88;0;New;In-Store;Credit Card;9;Toys;17.01.2023 14:30;44943,60459;1900-01;0;;
1505;East;24102.41090598682;;2023-05-03 14:50:48.648648648;107;26;0;VIP;Direct;Cash;1;Sports;03.05.2023 14:50;45049,61861;1900-01;0;;
1506;North;22536.37015553649;15.0;2024-08-16 07:05:13.513513512;140;17;0;Returning;Online;Cash;4;Books;16.08.2024 7:05;45520,29529;1900-01;0;;
1507;West;25333.37344794577;10.0;2024-06-25 13:34:24.864864864;105;71;0;New;Direct;Bank Transfer;1;Clothing;25.06.2024 13:34;45468,56556;1900-01;0;;
1508;East;25846.477952228364;5.0;2023-08-16 08:31:42.702702700;168;13;0;New;Online;Bank Transfer;1;Books;16.08.2023 8:31;45154,35535;1900-01;0;;
1509;West;26910.794955187637;15.0;2023-02-08 22:58:01.081081081;143;69;0;VIP;In-Store;Bank Transfer;8;Health & Beauty;08.02.2023 22:58;44965,95696;1900-01;0;;
1510;South;23243.54943794821;10.0;2023-02-08 22:58:01.081081081;163;26;0;New;In-Store;Cash;2;Toys;08.02.2023 22:58;44965,95696;1900-01;0;;
1511;North;19164.40959841573;15.0;2023-09-26 20:48:17.297297296;128;49;0;Returning;Direct;Credit Card;1;Sports;26.09.2023 20:48;45195,86686;1900-01;0;;
1512;South;20733.568432166616;5.0;2024-05-21 10:34:14.054054048;127;67;0;New;Direct;Credit Card;8;Home & Kitchen;21.05.2024 10:34;45433,44044;1900-01;0;;
1513;East;26032.544832541782;5.0;2024-02-08 14:52:15.135135132;110;7;0;New;Online;Cash;4;Electronics;08.02.2024 14:52;45330,61962;1900-01;0;;
1514;South;15915.32164506382;;2024-05-20 03:54:57.297297296;164;58;0;Returning;Online;Bank Transfer;3;Sports;20.05.2024 3:54;45432,16316;1900-01;0;;
1515;South;21843.366544364508;5.0;2023-12-18 06:01:48.108108108;118;49;0;New;Direct;Bank Transfer;4;Clothing;18.12.2023 6:01;45278,25125;1900-01;0;;
1516;East;18033.305938363195;5.0;2023-08-31 01:03:25.405405404;108;53;0;New;Direct;Bank Transfer;5;Electronics;31.08.2023 1:03;45169,04404;1900-01;0;;
1517;West;20143.72411467409;10.0;2023-06-26 06:20:32.432432432;126;65;0;New;In-Store;Cash;1;Home & Kitchen;26.06.2023 6:20;45103,26426;1900-01;0;;
1518;South;26392.259313036495;;2024-01-22 09:01:58.918918916;133;62;0;New;In-Store;Bank Transfer;1;Health & Beauty;22.01.2024 9:01;45313,37637;1900-01;0;;
1519;West;20955.49534009952;10.0;2023-10-02 14:45:02.702702700;143;17;0;Returning;In-Store;Bank Transfer;3;Health & Beauty;02.10.2023 14:45;45201,61461;1900-01;0;;
1520;South;20232.182740780743;15.0;2023-03-14 19:18:55.135135135;167;43;0;New;Direct;Cash;6;Home & Kitchen;14.03.2023 19:18;44999,8048;1900-01;0;;
1521;West;13200.719295100404;5.0;2024-03-14 17:52:25.945945944;199;25;0;Returning;Direct;Credit Card;1;Books;14.03.2024 17:52;45365,74473;1900-01;0;;
1522;East;23731.267830136105;15.0;2023-03-18 15:16:45.405405405;181;3;0;New;Direct;Cash;2;Home & Kitchen;18.03.2023 15:16;45003,63663;1900-01;0;;
1523;South;23227.420905705378;10.0;2023-12-01 15:31:10.270270268;114;79;0;New;In-Store;Cash;7;Sports;01.12.2023 15:31;45261,64664;1900-01;0;;
1524;East;30816.2736165273;5.0;2024-09-28 02:01:04.864864864;150;29;0;New;Direct;Cash;1;Clothing;28.09.2024 2:01;45563,08407;1900-01;0;;
1525;South;18461.108825234995;5.0;2024-07-27 11:56:23.783783784;112;32;0;New;Online;Cash;7;Toys;27.07.2024 11:56;45500,49749;1900-01;0;;
1526;East;21095.751638319696;10.0;2023-09-23 00:50:27.027027024;182;26;0;Returning;Direct;Credit Card;4;Sports;23.09.2023 0:50;45192,03503;1900-01;0;;
1527;East;21246.918418553778;10.0;2023-04-14 11:01:37.297297297;148;16;1;Returning;Direct;Bank Transfer;10;Sports;14.04.2023 11:01;45030,45946;1900-01;0;;
1528;South;27887.266398817374;10.0;2024-05-16 23:16:45.405405400;169;25;0;Returning;Direct;Cash;6;Sports;16.05.2024 23:16;45428,96997;1900-01;0;;
1529;South;19523.52233806524;10.0;2024-08-03 12:32:25.945945944;155;54;0;VIP;Direct;Credit Card;8;Electronics;03.08.2024 12:32;45507,52251;1900-01;0;;
1530;South;21395.107628851696;10.0;2024-03-14 17:52:25.945945944;175;28;0;New;Direct;Bank Transfer;9;Electronics;14.03.2024 17:52;45365,74473;1900-01;0;;
1531;North;23039.482548582695;5.0;2024-09-18 12:06:29.189189184;150;73;0;New;Online;Bank Transfer;6;Health & Beauty;18.09.2024 12:06;45553,5045;1900-01;0;;
1532;West;20933.04561578179;10.0;2023-08-03 13:58:55.135135136;136;56;0;Returning;Online;Bank Transfer;9;Sports;03.08.2023 13:58;45141,58258;1900-01;0;;
1533;North;17767.83192724736;5.0;2023-08-30 09:43:47.027027024;116;65;0;VIP;Direct;Cash;4;Books;30.08.2023 9:43;45168,40541;1900-01;0;;
1534;North;20970.449964491538;5.0;2023-07-26 06:43:36.216216216;157;93;0;New;In-Store;Cash;6;Health & Beauty;26.07.2023 6:43;45133,28028;1900-01;0;;
1535;East;25368.158749298862;10.0;2023-04-20 20:18:01.081081080;186;86;0;Returning;Direct;Bank Transfer;8;Clothing;20.04.2023 20:18;45036,84584;1900-01;0;;
1536;South;14867.423502944699;10.0;2024-09-30 00:00:00.000000000;189;80;0;New;Direct;Bank Transfer;9;Home & Kitchen;30.09.2024 0:00;45565;1900-01;0;;
1537;West;20664.84837073438;;2024-05-16 23:16:45.405405400;128;41;0;New;Direct;Bank Transfer;3;Electronics;16.05.2024 23:16;45428,96997;1900-01;0;;
1538;East;16499.395925304132;5.0;2023-02-10 05:37:17.837837837;132;51;0;Returning;In-Store;Bank Transfer;2;Sports;10.02.2023 5:37;44967,23422;1900-01;0;;
1539;North;25975.233144624213;10.0;2023-03-05 20:43:57.837837838;159;71;0;Returning;In-Store;Bank Transfer;6;Clothing;05.03.2023 20:43;44990,86385;1900-01;0;;
1540;South;12384.065476081127;10.0;2023-07-25 00:04:19.459459458;190;78;1;New;In-Store;Bank Transfer;4;Health & Beauty;25.07.2023 0:04;45132,003;1900-01;0;;
1541;East;17205.39076364206;10.0;2024-09-14 00:49:00.540540536;188;29;0;New;Online;Credit Card;1;Health & Beauty;14.09.2024 0:49;45549,03403;1900-01;0;;
1542;South;21886.059375322606;;2023-02-11 12:16:34.594594594;154;83;0;Returning;In-Store;Bank Transfer;8;Electronics;11.02.2023 12:16;44968,5115;1900-01;0;;
1543;East;27827.620146171703;;2024-06-21 17:36:34.594594592;109;19;0;New;Online;Cash;9;Health & Beauty;21.06.2024 17:36;45464,73373;1900-01;0;;
1544;South;19671.248694635062;15.0;2023-12-22 01:59:38.378378376;146;66;0;New;Online;Cash;9;Books;22.12.2023 1:59;45282,08308;1900-01;0;;
1545;North;17224.00236653401;5.0;2024-01-17 21:44:30.270270268;122;41;0;Returning;In-Store;Cash;2;Health & Beauty;17.01.2024 21:44;45308,9059;1900-01;0;;
1546;West;29405.785347202953;15.0;2023-10-19 20:35:18.918918916;184;45;0;New;In-Store;Bank Transfer;9;Toys;19.10.2023 20:35;45218,85785;1900-01;0;;
1547;North;0;10.0;2024-01-05 03:11:42.702702700;120;15;0;New;In-Store;Cash;7;Home & Kitchen;05.01.2024 3:11;45296,13313;1900-01;0;;
1548;West;9005.97021689959;;2023-10-16 15:57:07.027027024;112;3;0;VIP;Online;Credit Card;5;Health & Beauty;16.10.2023 15:57;45215,66466;1900-01;0;;
1549;South;22200.07225026666;;2023-06-14 18:27:01.621621620;132;11;0;Returning;Direct;Bank Transfer;7;Toys;14.06.2023 18:27;45091,76876;1900-01;0;;
1550;East;17489.728878236943;15.0;2024-08-18 20:23:47.027027024;123;53;1;VIP;In-Store;Cash;9;Clothing;18.08.2024 20:23;45522,84985;1900-01;0;;
1551;North;14893.835914346433;;2024-04-02 06:21:58.918918920;110;46;0;VIP;In-Store;Credit Card;8;Health & Beauty;02.04.2024 6:21;45384,26525;1900-01;0;;
1552;West;23541.782236496765;10.0;2023-09-29 10:06:50.810810808;116;30;0;VIP;In-Store;Credit Card;6;Books;29.09.2023 10:06;45198,42141;1900-01;0;;
1553;North;21219.003568855995;;2024-09-16 14:07:34.054054048;167;57;0;New;Online;Cash;4;Clothing;16.09.2024 14:07;45551,58859;1900-01;0;;
1554;West;17179.606846316357;15.0;2024-08-20 03:03:03.783783784;146;18;0;New;Online;Credit Card;1;Sports;20.08.2024 3:03;45524,12712;1900-01;0;;
1555;North;13598.478006645528;10.0;2023-04-24 00:56:12.972972972;124;51;0;VIP;Direct;Cash;6;Health & Beauty;24.04.2023 0:56;45040,03903;1900-01;0;;
1556;West;24362.286641400722;15.0;2024-08-16 22:24:51.891891888;193;48;0;VIP;In-Store;Credit Card;3;Electronics;16.08.2024 22:24;45520,93392;1900-01;0;;
1557;West;23251.005889793305;;2023-06-28 04:19:27.567567566;172;66;1;VIP;Online;Bank Transfer;6;Toys;28.06.2023 4:19;45105,18017;1900-01;0;;
1558;nan;19504.120681103086;15.0;2023-08-08 01:16:23.783783784;120;96;0;New;Direct;Bank Transfer;6;Toys;08.08.2023 1:16;45146,05304;1900-01;0;;
1559;West;29233.18498023833;15.0;2023-01-11 05:14:14.054054054;183;8;0;VIP;In-Store;Bank Transfer;4;Electronics;11.01.2023 5:14;44937,21822;1900-01;0;;
1560;South;14649.576168369236;5.0;2023-07-08 09:33:41.621621620;182;22;0;VIP;Online;Bank Transfer;2;Home & Kitchen;08.07.2023 9:33;45115,39839;1900-01;0;;
1561;West;12372.374145376307;;2023-05-09 08:47:34.054054054;182;6;1;Returning;In-Store;Bank Transfer;9;Sports;09.05.2023 8:47;45055,36637;1900-01;0;;
1562;East;16540.459650593777;;2024-09-05 17:33:41.621621616;111;76;0;Returning;In-Store;Cash;2;Books;05.09.2024 17:33;45540,73172;1900-01;0;;
1563;East;0;15.0;2024-03-12 04:33:52.432432432;136;57;0;New;Online;Bank Transfer;3;Toys;12.03.2024 4:33;45363,19019;1900-01;0;;
1564;East;21216.697246613458;5.0;2024-08-09 06:29:11.351351352;141;36;0;Returning;Online;Bank Transfer;10;Clothing;09.08.2024 6:29;45513,27027;1900-01;0;;
1565;West;18793.81971071835;;2024-05-08 16:01:26.486486480;116;79;0;Returning;Online;Bank Transfer;1;Books;08.05.2024 16:01;45420,66766;1900-01;0;;
1566;South;21760.276982571486;10.0;2023-05-04 06:10:27.027027026;147;92;0;Returning;In-Store;Bank Transfer;7;Toys;04.05.2023 6:10;45050,25726;1900-01;0;;
1567;South;13742.30287904778;15.0;2023-04-05 12:26:40.000000000;127;57;0;New;In-Store;Credit Card;1;Sports;05.04.2023 12:26;45021,51852;1900-01;0;;
1568;West;27218.823020366297;;2023-08-27 20:25:13.513513512;140;49;0;Returning;Direct;Bank Transfer;9;Home & Kitchen;27.08.2023 20:25;45165,85084;1900-01;0;;
1569;East;19589.244108037157;10.0;2024-07-20 11:20:21.621621616;198;45;0;New;In-Store;Bank Transfer;1;Sports;20.07.2024 11:20;45493,47247;1900-01;0;;
1570;East;25586.479157940637;;2023-01-22 17:07:44.864864864;146;82;0;VIP;Online;Cash;5;Clothing;22.01.2023 17:07;44948,7137;1900-01;0;;
1571;South;21713.626731888522;10.0;2023-08-24 00:27:23.243243240;117;66;0;Returning;In-Store;Credit Card;7;Sports;24.08.2023 0:27;45162,01902;1900-01;0;;
1572;East;22283.76609576892;15.0;2023-01-18 21:09:54.594594594;177;77;0;New;Direct;Cash;3;Books;18.01.2023 21:09;44944,88188;1900-01;0;;
1573;North;22848.83640116102;;2024-05-09 07:21:04.864864864;198;45;0;Returning;Direct;Bank Transfer;9;Clothing;09.05.2024 7:21;45421,3063;1900-01;0;;
1574;South;0;;2023-05-21 12:00:43.243243242;170;79;0;VIP;Online;Cash;8;Electronics;21.05.2023 12:00;45067,5005;1900-01;0;;
1575;East;0;5.0;2023-02-03 05:01:15.675675675;112;20;0;New;Online;Cash;3;Health & Beauty;03.02.2023 5:01;44960,2092;1900-01;0;;
1576;South;26645.762650662156;15.0;2024-08-18 05:04:08.648648648;181;64;0;New;Direct;Bank Transfer;5;Electronics;18.08.2024 5:04;45522,2112;1900-01;0;;
1577;North;20982.60584850735;10.0;2024-05-19 12:35:18.918918920;112;93;0;New;Direct;Credit Card;7;Books;19.05.2024 12:35;45431,52451;1900-01;0;;
1578;South;23545.01878794256;;2023-08-13 19:13:09.189189188;199;93;1;VIP;Direct;Credit Card;4;Health & Beauty;13.08.2023 19:13;45151,8008;1900-01;0;;
1579;South;19551.321528563865;;2023-09-07 16:59:05.945945944;130;67;0;VIP;Online;Cash;5;Electronics;07.09.2023 16:59;45176,7077;1900-01;0;;
1580;South;27200.586077247364;10.0;2023-02-17 21:32:58.378378378;101;83;0;VIP;Direct;Bank Transfer;3;Health & Beauty;17.02.2023 21:32;44974,89789;1900-01;0;;
1581;South;16618.038489703653;15.0;2023-11-11 20:22:20.540540540;115;3;0;New;Direct;Cash;9;Toys;11.11.2023 20:22;45241,84884;1900-01;0;;
1582;North;29004.70216455408;5.0;2024-03-14 17:52:25.945945944;108;54;0;VIP;Online;Cash;10;Sports;14.03.2024 17:52;45365,74473;1900-01;0;;
1583;West;19799.210246778282;5.0;2023-11-29 17:32:15.135135132;172;78;0;Returning;In-Store;Cash;9;Clothing;29.11.2023 17:32;45259,73073;1900-01;0;;
1584;South;12846.124489409758;;2024-09-14 00:49:00.540540536;137;64;0;VIP;In-Store;Bank Transfer;7;Health & Beauty;14.09.2024 0:49;45549,03403;1900-01;0;;
1585;South;20640.52207455395;10.0;2023-03-16 01:58:11.891891892;174;40;0;New;Direct;Bank Transfer;10;Toys;16.03.2023 1:58;45001,08207;1900-01;0;;
1586;East;16594.741712625597;;2023-06-28 04:19:27.567567566;153;59;0;Returning;In-Store;Credit Card;2;Sports;28.06.2023 4:19;45105,18017;1900-01;0;;
1587;South;0;10.0;2024-04-10 13:37:17.837837832;155;55;0;VIP;In-Store;Bank Transfer;7;Sports;10.04.2024 13:37;45392,56756;1900-01;0;;
1588;East;16736.880103488045;5.0;2023-04-22 02:57:17.837837838;185;62;0;Returning;In-Store;Cash;7;Home & Kitchen;22.04.2023 2:57;45038,12311;1900-01;0;;
1589;West;17769.082833926102;15.0;2024-04-20 18:51:31.891891888;196;4;0;Returning;In-Store;Cash;5;Electronics;20.04.2024 18:51;45402,78578;1900-01;0;;
1590;North;10552.296345272345;10.0;2024-08-28 10:18:22.702702696;199;60;0;New;Direct;Credit Card;9;Home & Kitchen;28.08.2024 10:18;45532,42942;1900-01;0;;
1591;North;17738.468403754618;5.0;2024-05-02 06:45:02.702702704;186;75;0;Returning;In-Store;Bank Transfer;3;Books;02.05.2024 6:45;45414,28127;1900-01;0;;
1592;West;7880.603366855217;;2023-07-07 18:14:03.243243242;144;95;1;Returning;In-Store;Cash;4;Toys;07.07.2023 18:14;45114,75976;1900-01;0;;
1593;North;12080.485882571384;10.0;2023-10-15 09:17:50.270270268;133;96;0;New;Online;Credit Card;1;Home & Kitchen;15.10.2023 9:17;45214,38738;1900-01;0;;
1594;West;23802.073280721488;15.0;2024-06-15 23:39:49.189189184;108;91;0;New;Direct;Credit Card;6;Home & Kitchen;15.06.2024 23:39;45458,98598;1900-01;0;;
1595;West;23929.000793254163;;2023-11-27 04:13:41.621621620;187;30;0;New;Online;Cash;4;Sports;27.11.2023 4:13;45257,17617;1900-01;0;;
1596;West;0;;2023-01-13 18:32:47.567567567;107;2;0;Returning;Online;Cash;1;Toys;13.01.2023 18:32;44939,77277;1900-01;0;;
1597;North;15165.119284353936;5.0;2023-02-15 23:34:03.243243243;106;62;0;Returning;Direct;Bank Transfer;2;Sports;15.02.2023 23:34;44972,98198;1900-01;0;;
1598;East;19761.4432192901;10.0;2024-06-21 02:16:56.216216216;135;49;0;Returning;In-Store;Credit Card;3;Clothing;21.06.2024 2:16;45464,09509;1900-01;0;;
1599;West;19981.987304547158;;2023-01-23 08:27:23.243243243;117;9;0;New;Online;Cash;9;Health & Beauty;23.01.2023 8:27;44949,35235;1900-01;0;;
1600;South;14208.176554037287;15.0;2023-11-20 03:37:39.459459456;102;92;0;VIP;Direct;Credit Card;8;Books;20.11.2023 3:37;45250,15115;1900-01;0;;
1601;North;27516.991508835752;10.0;2024-07-27 11:56:23.783783784;127;31;0;Returning;In-Store;Bank Transfer;7;Books;27.07.2024 11:56;45500,49749;1900-01;0;;
1602;West;24386.811452878355;15.0;2023-05-29 03:56:23.783783784;169;98;0;VIP;Direct;Cash;4;Electronics;29.05.2023 3:56;45075,16416;1900-01;0;;
1603;nan;18895.17913085168;;2024-04-09 06:58:01.081081080;143;61;0;New;Online;Bank Transfer;1;Sports;09.04.2024 6:58;45391,29029;1900-01;0;;
1604;South;20134.429194972654;15.0;2024-09-18 12:06:29.189189184;120;79;0;Returning;In-Store;Credit Card;8;Health & Beauty;18.09.2024 12:06;45553,5045;1900-01;0;;
1605;East;21041.914039737763;5.0;2023-11-13 18:21:15.675675672;127;48;1;VIP;In-Store;Bank Transfer;4;Electronics;13.11.2023 18:21;45243,76476;1900-01;0;;
1606;East;9791.325657878548;15.0;2023-05-11 22:06:07.567567566;153;25;0;Returning;Direct;Bank Transfer;3;Books;11.05.2023 22:06;45057,92091;1900-01;0;;
1607;East;18764.113087397014;10.0;2023-09-29 10:06:50.810810808;153;36;0;Returning;In-Store;Credit Card;9;Health & Beauty;29.09.2023 10:06;45198,42141;1900-01;0;;
1608;West;16590.078760011005;15.0;2024-08-23 07:41:15.675675672;164;8;0;Returning;Online;Bank Transfer;10;Home & Kitchen;23.08.2024 7:41;45527,32031;1900-01;0;;
1609;West;14991.899950525421;15.0;2023-01-28 11:04:30.270270270;199;73;1;VIP;Online;Credit Card;4;Clothing;28.01.2023 11:04;44954,46146;1900-01;0;;
1610;West;0;5.0;2023-02-27 11:27:34.054054054;120;58;0;New;Online;Cash;4;Home & Kitchen;27.02.2023 11:27;44984,47748;1900-01;0;;
1611;North;28988.432634247612;15.0;2024-08-15 15:45:35.135135136;198;45;0;Returning;Direct;Credit Card;9;Clothing;15.08.2024 15:45;45519,65666;1900-01;0;;
1612;South;23204.21430633505;15.0;2024-06-12 03:41:58.918918920;112;62;0;New;In-Store;Credit Card;2;Sports;12.06.2024 3:41;45455,15414;1900-01;0;;
1613;West;17144.105051086015;;2023-10-27 12:30:59.459459456;156;39;0;New;In-Store;Cash;5;Toys;27.10.2023 12:30;45226,52152;1900-01;0;;
1614;South;22862.913906780792;;2024-01-21 17:42:20.540540540;148;96;0;VIP;In-Store;Credit Card;4;Electronics;21.01.2024 17:42;45312,73773;1900-01;0;;
1615;South;26996.77718293001;10.0;2023-10-25 14:32:04.324324324;153;58;0;VIP;Online;Cash;9;Electronics;25.10.2023 14:32;45224,6056;1900-01;0;;
1616;East;24623.168414563843;;2024-06-26 20:13:41.621621616;109;81;0;New;In-Store;Cash;5;Toys;26.06.2024 20:13;45469,84284;1900-01;0;;
1617;North;20298.151849600872;;2023-10-17 07:16:45.405405404;152;99;0;Returning;Online;Credit Card;9;Health & Beauty;17.10.2023 7:16;45216,3033;1900-01;0;;
1618;West;16765.31611147213;;2024-01-15 08:25:56.756756756;143;83;0;VIP;In-Store;Bank Transfer;9;Toys;15.01.2024 8:25;45306,35134;1900-01;0;;
1619;East;23491.116568067948;;2023-08-01 00:40:21.621621620;146;64;0;Returning;Online;Bank Transfer;2;Sports;01.08.2023 0:40;45139,02802;1900-01;0;;
1620;East;21967.426927108747;5.0;2023-11-20 03:37:39.459459456;152;44;0;Returning;In-Store;Cash;9;Books;20.11.2023 3:37;45250,15115;1900-01;0;;
1621;West;24475.966100138663;;2024-05-21 10:34:14.054054048;173;29;0;Returning;Direct;Bank Transfer;3;Toys;21.05.2024 10:34;45433,44044;1900-01;0;;
1622;South;23175.859008409847;5.0;2023-10-27 12:30:59.459459456;145;59;0;New;Direct;Bank Transfer;4;Clothing;27.10.2023 12:30;45226,52152;1900-01;0;;
1623;East;25247.763576596677;5.0;2023-01-13 18:32:47.567567567;112;71;0;Returning;Online;Credit Card;1;Books;13.01.2023 18:32;44939,77277;1900-01;0;;
1624;South;17323.82394219716;;2023-05-25 23:18:11.891891892;136;92;0;New;Online;Cash;1;Toys;25.05.2023 23:18;45071,97096;1900-01;0;;
1625;North;26586.97032817163;15.0;2023-08-28 11:44:51.891891892;123;9;0;New;In-Store;Cash;1;Electronics;28.08.2023 11:44;45166,48948;1900-01;0;;
1626;South;20987.998023461998;5.0;2023-03-24 09:13:30.810810810;101;92;0;Returning;In-Store;Credit Card;9;Home & Kitchen;24.03.2023 9:13;45009,38438;1900-01;0;;
1627;North;30376.304363126328;15.0;2024-03-14 02:32:47.567567568;185;6;0;Returning;Direct;Bank Transfer;8;Clothing;14.03.2024 2:32;45365,1061;1900-01;0;;
1628;South;16554.06090955216;15.0;2024-01-31 07:36:56.216216216;180;29;0;Returning;In-Store;Cash;5;Sports;31.01.2024 7:36;45322,31731;1900-01;0;;
1629;East;28679.819015826244;;2023-09-21 18:11:10.270270268;199;58;0;Returning;Online;Bank Transfer;5;Clothing;21.09.2023 18:11;45190,75775;1900-01;0;;
1630;East;20989.55391731324;10.0;2024-05-22 01:53:52.432432432;113;17;0;New;Online;Cash;9;Health & Beauty;22.05.2024 1:53;45434,07907;1900-01;0;;
1631;North;16742.909981927758;;2023-02-14 16:54:46.486486486;109;16;0;Returning;Online;Cash;3;Home & Kitchen;14.02.2023 16:54;44971,7047;1900-01;0;;
1632;West;17580.570829728393;10.0;2023-09-15 08:54:46.486486484;134;87;0;Returning;Online;Cash;3;Clothing;15.09.2023 8:54;45184,37137;1900-01;0;;
1633;North;18398.2634590284;10.0;2023-12-25 06:37:50.270270268;124;95;0;New;Online;Cash;7;Toys;25.12.2023 6:37;45285,27627;1900-01;0;;
1634;North;22120.82973200958;;2024-01-23 00:21:37.297297296;102;3;0;VIP;Direct;Bank Transfer;9;Clothing;23.01.2024 0:21;45314,01501;1900-01;0;;
1635;South;22614.177440177496;;2024-05-19 12:35:18.918918920;116;21;0;VIP;Direct;Bank Transfer;6;Clothing;19.05.2024 12:35;45431,52451;1900-01;0;;
1636;South;17131.499980307104;10.0;2023-09-10 21:37:17.837837836;111;64;0;New;Online;Bank Transfer;2;Clothing;10.09.2023 21:37;45179,90089;1900-01;0;;
1637;North;19878.227038695084;;2023-08-03 13:58:55.135135136;153;90;1;VIP;In-Store;Bank Transfer;1;Health & Beauty;03.08.2023 13:58;45141,58258;1900-01;0;;
1638;East;30711.35179305932;10.0;2024-02-15 15:28:17.297297296;123;36;0;New;Online;Credit Card;2;Clothing;15.02.2024 15:28;45337,64464;1900-01;0;;
1639;South;28637.715850503555;15.0;2023-11-18 20:58:22.702702700;128;86;0;Returning;Direct;Cash;1;Clothing;18.11.2023 20:58;45248,87387;1900-01;0;;
1640;West;22181.61834837016;;2024-08-03 12:32:25.945945944;142;62;0;Returning;Online;Cash;10;Health & Beauty;03.08.2024 12:32;45507,52251;1900-01;0;;
1641;South;20190.017390841;15.0;2023-06-25 15:00:54.054054054;124;42;0;VIP;Direct;Cash;10;Books;25.06.2023 15:00;45102,62563;1900-01;0;;
1642;South;20600.156633591305;5.0;2024-07-23 00:38:55.135135136;199;76;0;Returning;Direct;Credit Card;9;Home & Kitchen;23.07.2024 0:38;45496,02703;1900-01;0;;
1643;West;23067.589863652083;15.0;2023-01-08 15:55:40.540540540;159;42;0;VIP;Online;Bank Transfer;10;Sports;08.01.2023 15:55;44934,66366;1900-01;0;;
1644;North;14886.037174007972;15.0;2023-01-02 06:39:16.756756756;189;61;0;VIP;Online;Cash;8;Books;02.01.2023 6:39;44928,27727;1900-01;0;;
1645;West;18713.117312883274;10.0;2024-09-21 01:25:02.702702696;164;13;0;Returning;In-Store;Bank Transfer;7;Electronics;21.09.2024 1:25;45556,05905;1900-01;0;;
1646;North;11657.079630612052;15.0;2024-09-21 01:25:02.702702696;183;11;0;Returning;Direct;Bank Transfer;3;Health & Beauty;21.09.2024 1:25;45556,05905;1900-01;0;;
1647;North;21996.115613026395;;2024-09-15 22:47:55.675675672;127;54;0;VIP;In-Store;Credit Card;8;Health & Beauty;15.09.2024 22:47;45550,94994;1900-01;0;;
1648;North;23235.979698513704;10.0;2023-05-23 09:59:38.378378378;115;16;0;Returning;Online;Credit Card;2;Clothing;23.05.2023 9:59;45069,41641;1900-01;0;;
1649;West;17584.067688503128;5.0;2024-09-13 09:29:22.162162160;146;8;0;New;Direct;Bank Transfer;2;Clothing;13.09.2024 9:29;45548,39539;1900-01;0;;
1650;nan;27869.933816450164;;2023-04-22 02:57:17.837837838;180;59;0;Returning;In-Store;Cash;10;Sports;22.04.2023 2:57;45038,12311;1900-01;0;;
1651;East;0;5.0;2024-07-27 11:56:23.783783784;191;57;0;Returning;In-Store;Cash;3;Electronics;27.07.2024 11:56;45500,49749;1900-01;0;;
1652;West;12678.125598950899;15.0;2023-09-03 05:41:37.297297296;157;40;0;New;In-Store;Credit Card;7;Clothing;03.09.2023 5:41;45172,23723;1900-01;0;;
1653;nan;21122.25909279986;;2024-01-19 19:43:25.405405404;175;59;0;Returning;Online;Credit Card;1;Toys;19.01.2024 19:43;45310,82182;1900-01;0;;
1654;North;25235.491513060773;;2024-08-09 21:48:49.729729728;126;2;0;Returning;Online;Credit Card;8;Clothing;09.08.2024 21:48;45513,9089;1900-01;0;;
1655;South;28419.638457289344;5.0;2023-06-03 06:33:30.810810810;152;94;0;VIP;Online;Credit Card;7;Clothing;03.06.2023 6:33;45080,27326;1900-01;0;;
1656;North;17705.5786856553;;2023-12-15 16:43:14.594594592;141;94;0;Returning;Direct;Credit Card;4;Toys;15.12.2023 16:43;45275,69669;1900-01;0;;
1657;East;25393.404167156477;;2023-01-09 07:15:18.918918918;158;76;0;Returning;Online;Credit Card;5;Electronics;09.01.2023 7:15;44935,30229;1900-01;0;;
1658;East;19807.457652496465;;2023-05-04 21:30:05.405405404;146;10;0;New;Direct;Credit Card;10;Toys;04.05.2023 21:30;45050,89589;1900-01;0;;
1659;West;19136.8635002959;15.0;2023-09-10 21:37:17.837837836;193;44;0;VIP;In-Store;Cash;1;Health & Beauty;10.09.2023 21:37;45179,90089;1900-01;0;;
1660;South;24418.299687433362;5.0;2023-10-02 14:45:02.702702700;133;11;0;VIP;In-Store;Credit Card;4;Toys;02.10.2023 14:45;45201,61461;1900-01;0;;
1661;West;23261.6143920671;;2023-07-14 18:50:05.405405404;136;79;0;VIP;Online;Credit Card;1;Home & Kitchen;14.07.2023 18:50;45121,78478;1900-01;0;;
1662;East;12118.039215078752;10.0;2023-08-01 16:00:00.000000000;105;80;0;Returning;In-Store;Cash;1;Health & Beauty;01.08.2023 16:00;45139,66667;1900-01;0;;
1663;North;27382.70174862948;10.0;2024-04-07 08:59:05.945945944;106;81;0;VIP;Online;Cash;10;Clothing;07.04.2024 8:59;45389,37436;1900-01;0;;
1664;South;26900.45677073726;10.0;2023-09-19 04:52:36.756756756;195;90;0;New;Direct;Bank Transfer;1;Sports;19.09.2023 4:52;45188,20319;1900-01;0;;
1665;North;16872.186492452354;10.0;2023-01-02 06:39:16.756756756;195;2;0;VIP;In-Store;Credit Card;7;Health & Beauty;02.01.2023 6:39;44928,27727;1900-01;0;;
1666;North;21979.017667187047;15.0;2024-03-16 15:51:21.081081080;124;50;0;New;Online;Credit Card;7;Electronics;16.03.2024 15:51;45367,66066;1900-01;0;;
1667;South;22470.150931413693;;2023-12-18 21:21:26.486486484;132;12;1;VIP;In-Store;Credit Card;4;Electronics;18.12.2023 21:21;45278,88988;1900-01;0;;
1668;West;21303.368829119536;5.0;2023-10-16 00:37:28.648648648;154;90;0;VIP;In-Store;Credit Card;2;Toys;16.10.2023 0:37;45215,02602;1900-01;0;;
1669;North;17248.4742307729;;2024-03-07 01:56:45.405405400;157;23;0;New;Online;Bank Transfer;3;Health & Beauty;07.03.2024 1:56;45358,08108;1900-01;0;;
1670;East;16641.883160309742;15.0;2024-06-06 09:45:13.513513512;106;18;0;VIP;In-Store;Cash;8;Clothing;06.06.2024 9:45;45449,4064;1900-01;0;;
1671;North;19872.229645042775;10.0;2024-04-21 10:11:10.270270264;156;62;0;VIP;In-Store;Cash;8;Electronics;21.04.2024 10:11;45403,42442;1900-01;0;;
1672;South;25863.645096296823;15.0;2024-05-05 11:23:14.594594592;111;96;0;VIP;In-Store;Credit Card;6;Books;05.05.2024 11:23;45417,47447;1900-01;0;;
1673;South;22718.000772972162;;2024-07-10 06:06:07.567567568;115;62;0;Returning;In-Store;Credit Card;10;Clothing;10.07.2024 6:06;45483,25425;1900-01;0;;
1674;South;18146.92833956947;5.0;2023-11-12 11:41:58.918918916;179;38;0;New;Direct;Credit Card;9;Books;12.11.2023 11:41;45242,48748;1900-01;0;;
1675;West;23858.493553241722;15.0;2023-09-23 16:10:05.405405404;142;67;0;VIP;In-Store;Bank Transfer;9;Home & Kitchen;23.09.2023 16:10;45192,67367;1900-01;0;;
1676;nan;5757.286896849622;5.0;2023-09-07 01:39:27.567567568;199;38;0;New;In-Store;Bank Transfer;4;Books;07.09.2023 1:39;45176,06906;1900-01;0;;
1677;West;25743.828501860517;15.0;2023-08-26 13:45:56.756756756;176;67;0;New;Online;Cash;1;Electronics;26.08.2023 13:45;45164,57356;1900-01;0;;
1678;West;11301.431106109501;5.0;2024-02-05 10:14:03.243243240;106;94;0;New;Direct;Credit Card;1;Toys;05.02.2024 10:14;45327,42642;1900-01;0;;
1679;South;18187.795292984338;5.0;2023-02-02 13:41:37.297297297;199;61;1;VIP;Online;Credit Card;10;Home & Kitchen;02.02.2023 13:41;44959,57057;1900-01;0;;
1680;South;14401.650526869282;10.0;2023-08-28 11:44:51.891891892;150;1;0;VIP;Online;Credit Card;5;Health & Beauty;28.08.2023 11:44;45166,48948;1900-01;0;;
1681;West;13526.59262139547;5.0;2023-09-09 14:58:01.081081080;172;94;0;New;Online;Credit Card;2;Clothing;09.09.2023 14:58;45178,62362;1900-01;0;;
1682;North;25804.1339368926;10.0;2024-08-11 19:47:44.864864864;131;45;0;Returning;Direct;Bank Transfer;6;Electronics;11.08.2024 19:47;45515,82481;1900-01;0;;
1683;East;17661.493993440545;;2023-04-01 01:09:11.351351351;174;96;1;New;Online;Cash;7;Home & Kitchen;01.04.2023 1:09;45017,04804;1900-01;0;;
1684;West;21732.519408653578;;2023-02-24 06:49:22.162162162;107;28;0;Returning;Online;Cash;1;Home & Kitchen;24.02.2023 6:49;44981,28428;1900-01;0;;
1685;North;19765.39710560408;10.0;2023-10-23 16:33:09.189189188;196;21;0;New;Online;Bank Transfer;6;Electronics;23.10.2023 16:33;45222,68969;1900-01;0;;
1686;South;22385.204136115608;10.0;2023-01-29 17:43:47.027027027;186;13;0;New;In-Store;Credit Card;8;Health & Beauty;29.01.2023 17:43;44955,73874;1900-01;0;;
1687;South;20384.109455301277;15.0;2024-06-22 08:56:12.972972968;188;27;0;New;Online;Cash;5;Health & Beauty;22.06.2024 8:56;45465,37236;1900-01;0;;
1688;North;13585.038879057152;15.0;2023-06-01 08:34:35.675675674;171;7;0;VIP;Direct;Cash;7;Toys;01.06.2023 8:34;45078,35735;1900-01;0;;
1689;East;24981.3340972357;15.0;2023-01-06 17:56:45.405405405;144;22;0;Returning;Direct;Bank Transfer;10;Sports;06.01.2023 17:56;44932,74774;1900-01;0;;
1690;South;17531.21708419344;;2024-02-28 10:01:04.864864864;185;74;1;Returning;In-Store;Credit Card;6;Books;28.02.2024 10:01;45350,41741;1900-01;0;;
1691;South;12217.090506701245;15.0;2024-01-01 07:13:52.432432432;158;53;0;New;Direct;Cash;4;Health & Beauty;01.01.2024 7:13;45292,3013;1900-01;0;;
1692;South;17859.42419517044;5.0;2023-12-04 20:09:22.162162160;103;79;0;VIP;Direct;Credit Card;7;Toys;04.12.2023 20:09;45264,83984;1900-01;0;;
1693;North;27503.798953171554;5.0;2024-01-17 06:24:51.891891888;166;79;0;VIP;In-Store;Cash;10;Books;17.01.2024 6:24;45308,26726;1900-01;0;;
1694;West;24251.108710567463;15.0;2024-02-18 20:06:29.189189188;128;4;0;Returning;Online;Bank Transfer;9;Home & Kitchen;18.02.2024 20:06;45340,83784;1900-01;0;;
1695;South;18256.739327960706;5.0;2024-08-05 10:31:21.081081080;128;96;0;VIP;In-Store;Credit Card;10;Electronics;05.08.2024 10:31;45509,43844;1900-01;0;;
1696;West;0;;2024-04-18 05:32:58.378378376;197;23;0;Returning;Online;Bank Transfer;10;Health & Beauty;18.04.2024 5:32;45400,23123;1900-01;0;;
1697;East;18391.824743913086;5.0;2024-02-13 02:09:43.783783780;197;70;0;Returning;Online;Cash;7;Toys;13.02.2024 2:09;45335,09008;1900-01;0;;
1698;South;30383.739917804203;;2024-01-28 18:18:22.702702700;127;88;0;Returning;Direct;Bank Transfer;5;Home & Kitchen;28.01.2024 18:18;45319,76275;1900-01;0;;
1699;South;21909.677261157765;10.0;2024-03-21 03:08:49.729729728;176;84;0;VIP;In-Store;Bank Transfer;7;Health & Beauty;21.03.2024 3:08;45372,13112;1900-01;0;;
1700;East;22150.20823595535;10.0;2024-08-02 21:12:47.567567568;178;84;0;Returning;Direct;Bank Transfer;3;Clothing;02.08.2024 21:12;45506,88388;1900-01;0;;
1701;South;25151.41727015921;10.0;2023-04-24 00:56:12.972972972;186;76;0;Returning;Direct;Cash;2;Sports;24.04.2023 0:56;45040,03903;1900-01;0;;
1702;West;21193.945795132568;10.0;2024-07-08 08:07:12.432432432;143;33;0;New;Online;Credit Card;5;Home & Kitchen;08.07.2024 8:07;45481,33833;1900-01;0;;
1703;North;18704.789270896483;5.0;2023-01-04 04:38:11.891891891;189;28;1;Returning;Direct;Bank Transfer;4;Health & Beauty;04.01.2023 4:38;44930,19318;1900-01;0;;
1704;West;19018.250754575107;15.0;2024-06-28 02:52:58.378378376;103;8;0;Returning;In-Store;Credit Card;5;Home & Kitchen;28.06.2024 2:52;45471,12012;1900-01;0;;
1705;North;19641.99370292968;5.0;2023-07-15 10:09:43.783783782;189;1;1;New;Direct;Cash;8;Electronics;15.07.2023 10:09;45122,42341;1900-01;0;;
1706;North;19813.888817450792;;2023-12-16 08:02:52.972972972;108;37;0;New;Direct;Credit Card;4;Electronics;16.12.2023 8:02;45276,33532;1900-01;0;;
1707;West;23638.1477181849;5.0;2023-07-28 04:42:31.351351350;104;63;0;VIP;Online;Bank Transfer;9;Sports;28.07.2023 4:42;45135,19619;1900-01;0;;
1708;West;20259.7294290365;5.0;2023-08-15 17:12:04.324324324;155;22;0;Returning;In-Store;Bank Transfer;7;Electronics;15.08.2023 17:12;45153,71671;1900-01;0;;
1709;West;23663.200386077897;;2024-05-20 19:14:35.675675672;195;70;0;VIP;Direct;Bank Transfer;10;Books;20.05.2024 19:14;45432,80179;1900-01;0;;
1710;West;19596.41709945709;10.0;2023-09-09 14:58:01.081081080;183;21;0;VIP;Online;Bank Transfer;7;Clothing;09.09.2023 14:58;45178,62362;1900-01;0;;
1711;East;20393.17595158045;10.0;2023-07-10 22:52:15.135135134;149;96;0;New;Direct;Bank Transfer;8;Electronics;10.07.2023 22:52;45117,95295;1900-01;0;;
1712;South;0;10.0;2023-12-02 06:50:48.648648648;174;35;0;VIP;In-Store;Bank Transfer;6;Clothing;02.12.2023 6:50;45262,28528;1900-01;0;;
1713;North;24581.638373512407;15.0;2024-04-22 16:50:27.027027024;114;79;0;Returning;Direct;Cash;8;Electronics;22.04.2024 16:50;45404,7017;1900-01;0;;
1714;nan;21732.442379489963;;2023-07-01 08:57:39.459459458;131;5;0;New;Direct;Cash;3;Books;01.07.2023 8:57;45108,37337;1900-01;0;;
1715;West;24990.050549298263;;2023-07-30 02:41:26.486486484;127;60;0;Returning;Online;Cash;10;Home & Kitchen;30.07.2023 2:41;45137,11211;1900-01;0;;
1716;West;5518.7231090315545;5.0;2023-02-01 07:02:20.540540540;121;46;0;Returning;Direct;Credit Card;10;Health & Beauty;01.02.2023 7:02;44958,29329;1900-01;0;;
1717;East;30441.87352390364;15.0;2024-05-08 00:41:48.108108104;116;50;0;New;Online;Credit Card;1;Health & Beauty;08.05.2024 0:41;45420,02903;1900-01;0;;
1718;West;19302.05185922413;10.0;2024-09-09 13:31:31.891891888;158;48;0;Returning;In-Store;Cash;6;Electronics;09.09.2024 13:31;45544,56355;1900-01;0;;
1719;West;25540.91408368758;15.0;2024-02-01 14:16:12.972972972;189;6;0;New;Direct;Credit Card;1;Health & Beauty;01.02.2024 14:16;45323,59458;1900-01;0;;
1720;West;14800.470364372346;;2024-03-28 03:44:51.891891888;170;89;0;Returning;In-Store;Credit Card;9;Electronics;28.03.2024 3:44;45379,15615;1900-01;0;;
1721;South;23063.86952531285;;2023-08-29 18:24:08.648648648;156;56;0;New;In-Store;Bank Transfer;2;Electronics;29.08.2023 18:24;45167,76676;1900-01;0;;
1722;East;14732.92218413172;5.0;2024-05-02 06:45:02.702702704;125;59;0;VIP;Direct;Bank Transfer;2;Sports;02.05.2024 6:45;45414,28127;1900-01;0;;
1723;West;16881.155196520973;5.0;2024-01-18 13:04:08.648648648;124;29;0;Returning;Online;Credit Card;7;Toys;18.01.2024 13:04;45309,54454;1900-01;0;;
1724;North;29570.15676933393;;2024-09-30 00:00:00.000000000;109;71;0;New;In-Store;Credit Card;2;Toys;30.09.2024 0:00;45565;1900-01;0;;
1725;North;19046.58799618327;10.0;2024-06-10 05:43:03.783783784;144;77;0;Returning;In-Store;Cash;10;Sports;10.06.2024 5:43;45453,23823;1900-01;0;;
1726;North;21087.164365898614;10.0;2023-12-09 22:46:29.189189188;182;18;0;Returning;Direct;Credit Card;8;Toys;09.12.2023 22:46;45269,94895;1900-01;0;;
1727;East;24350.33865344377;15.0;2024-05-08 16:01:26.486486480;110;2;1;Returning;Direct;Bank Transfer;6;Clothing;08.05.2024 16:01;45420,66766;1900-01;0;;
1728;East;22478.409439863022;;2023-04-02 07:48:28.108108108;176;8;0;New;Direct;Credit Card;7;Toys;02.04.2023 7:48;45018,32532;1900-01;0;;
1729;North;20752.094525717883;;2023-02-07 16:18:44.324324324;152;75;0;VIP;Direct;Cash;7;Electronics;07.02.2023 16:18;44964,67968;1900-01;0;;
1730;West;21824.805012331126;10.0;2024-07-07 16:47:34.054054048;171;97;0;VIP;Direct;Bank Transfer;6;Books;07.07.2024 16:47;45480,6997;1900-01;0;;
1731;East;32017.077926191378;10.0;2024-05-12 11:59:16.756756752;167;54;0;VIP;Direct;Bank Transfer;10;Books;12.05.2024 11:59;45424,49949;1900-01;0;;
1732;North;19711.90601483207;;2023-02-17 06:13:20.000000000;194;38;0;New;Online;Bank Transfer;9;Home & Kitchen;17.02.2023 6:13;44974,25926;1900-01;0;;
1733;North;21005.49523357484;5.0;2023-01-02 06:39:16.756756756;127;48;0;VIP;In-Store;Bank Transfer;9;Toys;02.01.2023 6:39;44928,27727;1900-01;0;;
1734;West;25253.27198003806;;2024-01-02 13:53:09.189189188;174;27;0;New;Online;Credit Card;7;Books;02.01.2024 13:53;45293,57858;1900-01;0;;
1735;South;25527.629664789918;;2024-04-22 01:30:48.648648648;164;20;1;Returning;Online;Cash;9;Toys;22.04.2024 1:30;45404,06306;1900-01;0;;
1736;East;25935.1515278019;10.0;2023-10-13 11:18:55.135135132;148;12;0;Returning;Direct;Credit Card;10;Home & Kitchen;13.10.2023 11:18;45212,47147;1900-01;0;;
1737;nan;23193.651110145922;10.0;2024-09-03 04:15:08.108108104;146;43;0;VIP;In-Store;Credit Card;3;Books;03.09.2024 4:15;45538,17718;1900-01;0;;
1738;North;0;5.0;2024-04-17 14:13:20.000000000;151;61;0;New;Online;Bank Transfer;3;Electronics;17.04.2024 14:13;45399,59259;1900-01;0;;
1739;North;28167.15766150548;5.0;2024-07-29 09:55:18.918918912;187;31;0;Returning;Direct;Cash;1;Clothing;29.07.2024 9:55;45502,4134;1900-01;0;;
1740;West;14268.27303490656;15.0;2023-06-24 23:41:15.675675674;153;91;0;New;Direct;Bank Transfer;5;Sports;24.06.2023 23:41;45101,98698;1900-01;0;;
1741;East;21513.177326195168;;2023-12-04 20:09:22.162162160;159;96;0;New;In-Store;Credit Card;4;Sports;04.12.2023 20:09;45264,83984;1900-01;0;;
1742;South;16228.62074990321;10.0;2024-01-13 10:27:01.621621620;156;61;0;Returning;Online;Credit Card;2;Sports;13.01.2024 10:27;45304,43543;1900-01;0;;
1743;South;19679.308267035038;5.0;2023-05-17 16:02:52.972972972;146;74;0;New;Online;Bank Transfer;9;Toys;17.05.2023 16:02;45063,66866;1900-01;0;;
1744;North;21643.8120515174;15.0;2024-03-11 13:14:14.054054048;130;67;0;Returning;Online;Credit Card;3;Books;11.03.2024 13:14;45362,55155;1900-01;0;;
1745;East;21606.786077251367;15.0;2023-11-06 02:25:35.135135132;145;91;1;Returning;Direct;Credit Card;8;Books;06.11.2023 2:25;45236,1011;1900-01;0;;
1746;South;22109.603771176422;10.0;2023-07-29 11:21:48.108108108;125;35;0;Returning;In-Store;Bank Transfer;6;Home & Kitchen;29.07.2023 11:21;45136,47347;1900-01;0;;
1747;East;28068.556345293237;10.0;2023-06-12 05:08:28.108108108;104;95;0;New;In-Store;Credit Card;5;Electronics;12.06.2023 5:08;45089,21421;1900-01;0;;
1748;East;22267.6715075699;15.0;2023-09-04 12:20:54.054054052;183;15;1;Returning;Online;Cash;1;Health & Beauty;04.09.2023 12:20;45173,51451;1900-01;0;;
1749;North;18779.216823546758;5.0;2023-03-21 19:54:57.297297297;151;16;0;New;Direct;Bank Transfer;4;Books;21.03.2023 19:54;45006,82983;1900-01;0;;
1750;South;24820.435841441787;15.0;2024-05-04 04:43:57.837837832;174;13;0;Returning;Online;Cash;3;Clothing;04.05.2024 4:43;45416,19719;1900-01;0;;
1751;West;25947.352444623204;;2024-01-08 07:49:54.594594592;153;35;0;Returning;In-Store;Credit Card;1;Home & Kitchen;08.01.2024 7:49;45299,32632;1900-01;0;;
1752;North;13861.960924315037;;2023-12-17 14:42:09.729729728;132;75;0;VIP;Direct;Credit Card;5;Books;17.12.2023 14:42;45277,6126;1900-01;0;;
1753;South;22987.00034924929;10.0;2023-07-26 06:43:36.216216216;149;59;0;VIP;Online;Bank Transfer;6;Books;26.07.2023 6:43;45133,28028;1900-01;0;;
1754;South;23505.86371155449;5.0;2023-05-10 15:26:50.810810810;137;21;0;VIP;Online;Credit Card;2;Home & Kitchen;10.05.2023 15:26;45056,64363;1900-01;0;;
1755;South;18512.182483200042;5.0;2023-04-20 04:58:22.702702702;126;54;1;New;Direct;Bank Transfer;3;Home & Kitchen;20.04.2023 4:58;45036,2072;1900-01;0;;
1756;South;26878.534066558095;;2024-04-13 18:15:29.729729728;197;75;0;New;In-Store;Bank Transfer;6;Toys;13.04.2024 18:15;45395,76075;1900-01;0;;
1757;South;0;15.0;2023-05-18 22:42:09.729729728;114;30;0;Returning;Direct;Bank Transfer;4;Books;18.05.2023 22:42;45064,94594;1900-01;0;;
1758;East;20627.882267357712;10.0;2023-06-05 19:52:04.324324324;195;48;0;Returning;Online;Bank Transfer;9;Health & Beauty;05.06.2023 19:52;45082,82782;1900-01;0;;
1759;North;19134.640878580652;15.0;2023-08-02 22:39:16.756756756;160;35;1;Returning;Online;Bank Transfer;5;Clothing;02.08.2023 22:39;45140,94394;1900-01;0;;
1760;East;20077.895237907338;15.0;2024-03-24 07:47:01.621621616;120;86;0;Returning;Online;Cash;4;Electronics;24.03.2024 7:47;45375,32432;1900-01;0;;
1761;West;0;15.0;2023-07-09 16:12:58.378378378;145;38;1;New;Online;Bank Transfer;2;Electronics;09.07.2023 16:12;45116,67567;1900-01;0;;
1762;South;12799.745587028528;5.0;2024-06-14 17:00:32.432432432;168;31;0;Returning;In-Store;Cash;6;Health & Beauty;14.06.2024 17:00;45457,7087;1900-01;0;;
1763;North;27972.525316124862;;2023-04-26 14:14:46.486486486;105;78;0;Returning;In-Store;Credit Card;10;Home & Kitchen;26.04.2023 14:14;45042,59359;1900-01;0;;
1764;South;15765.19325840836;5.0;2023-08-01 16:00:00.000000000;137;24;0;VIP;Online;Bank Transfer;2;Home & Kitchen;01.08.2023 16:00;45139,66667;1900-01;0;;
1765;North;0;;2023-11-22 16:56:12.972972972;161;49;0;Returning;In-Store;Credit Card;7;Home & Kitchen;22.11.2023 16:56;45252,70569;1900-01;0;;
1766;East;9233.049431981426;10.0;2023-09-01 23:02:20.540540540;185;96;0;Returning;In-Store;Bank Transfer;3;Books;01.09.2023 23:02;45170,95995;1900-01;0;;
1767;North;16805.19126155249;10.0;2024-04-02 06:21:58.918918920;161;32;0;Returning;In-Store;Cash;9;Home & Kitchen;02.04.2024 6:21;45384,26525;1900-01;0;;
1768;nan;13384.551032962509;15.0;2024-07-10 21:25:45.945945944;181;55;0;New;Online;Cash;5;Home & Kitchen;10.07.2024 21:25;45483,89288;1900-01;0;;
1769;nan;28210.075800681843;;2023-05-07 10:48:38.918918918;177;79;0;VIP;Direct;Cash;8;Books;07.05.2023 10:48;45053,45044;1900-01;0;;
1770;North;25049.085446713172;;2023-07-31 09:20:43.243243244;173;58;0;Returning;Direct;Credit Card;6;Books;31.07.2023 9:20;45138,38939;1900-01;0;;
1771;North;16559.24827411138;;2023-04-15 17:40:54.054054054;145;99;1;Returning;Direct;Bank Transfer;10;Health & Beauty;15.04.2023 17:40;45031,73674;1900-01;0;;
1772;North;31262.179026721544;15.0;2023-06-03 21:53:09.189189188;112;3;0;VIP;Online;Credit Card;8;Toys;03.06.2023 21:53;45080,91191;1900-01;0;;
1773;North;24908.827434957973;15.0;2024-07-28 03:16:02.162162160;194;80;0;Returning;In-Store;Cash;3;Books;28.07.2024 3:16;45501,13613;1900-01;0;;
1774;West;18375.843082456886;10.0;2024-02-14 08:49:00.540540540;193;69;0;New;In-Store;Credit Card;3;Clothing;14.02.2024 8:49;45336,36736;1900-01;0;;
1775;South;7502.971425632135;5.0;2023-05-25 07:58:33.513513512;102;85;0;Returning;Online;Cash;5;Home & Kitchen;25.05.2023 7:58;45071,33233;1900-01;0;;
1776;North;31454.71286295371;;2024-02-09 06:11:53.513513512;193;10;0;New;Online;Cash;10;Toys;09.02.2024 6:11;45331,25825;1900-01;0;;
1777;North;0;;2023-12-21 10:40:00.000000000;105;83;0;New;Direct;Cash;3;Electronics;21.12.2023 10:40;45281,44444;1900-01;0;;
1778;West;11773.006265215541;5.0;2023-10-15 09:17:50.270270268;192;25;0;Returning;Direct;Bank Transfer;8;Health & Beauty;15.10.2023 9:17;45214,38738;1900-01;0;;
1779;West;25112.8521600482;;2023-05-05 12:49:43.783783784;107;68;0;VIP;Online;Bank Transfer;10;Toys;05.05.2023 12:49;45051,53453;1900-01;0;;
1780;East;32198.762031696366;15.0;2024-07-08 23:26:50.810810808;143;61;0;New;Direct;Cash;8;Books;08.07.2024 23:26;45481,97697;1900-01;0;;
1781;North;26921.36409255259;15.0;2023-05-10 15:26:50.810810810;132;29;0;VIP;In-Store;Credit Card;2;Home & Kitchen;10.05.2023 15:26;45056,64363;1900-01;0;;
1782;East;22819.545600261798;;2024-09-16 14:07:34.054054048;180;19;0;Returning;Online;Credit Card;4;Home & Kitchen;16.09.2024 14:07;45551,58859;1900-01;0;;
1783;West;22973.77170832643;15.0;2023-10-19 20:35:18.918918916;174;43;0;New;Online;Bank Transfer;10;Home & Kitchen;19.10.2023 20:35;45218,85785;1900-01;0;;
1784;West;24267.07779390154;15.0;2024-06-13 10:21:15.675675672;176;66;0;Returning;In-Store;Cash;1;Toys;13.06.2024 10:21;45456,43142;1900-01;0;;
1785;South;23794.642948933826;;2023-06-13 11:47:44.864864864;149;74;0;VIP;In-Store;Credit Card;4;Home & Kitchen;13.06.2023 11:47;45090,49148;1900-01;0;;
1786;North;21405.95711984688;10.0;2023-12-04 04:49:43.783783784;110;61;0;Returning;In-Store;Cash;4;Books;04.12.2023 4:49;45264,20119;1900-01;0;;
1787;East;20521.00551975938;5.0;2023-06-23 01:42:20.540540540;194;43;1;Returning;Direct;Credit Card;10;Toys;23.06.2023 1:42;45100,07106;1900-01;0;;
1788;West;19687.034360502388;15.0;2023-01-06 02:37:07.027027027;127;25;0;New;Online;Bank Transfer;9;Home & Kitchen;06.01.2023 2:37;44932,10911;1900-01;0;;
1789;West;16230.17705566662;10.0;2024-04-30 08:46:07.567567568;169;20;0;Returning;Direct;Cash;3;Electronics;30.04.2024 8:46;45412,36536;1900-01;0;;
1790;East;18596.62461566613;15.0;2024-08-28 10:18:22.702702696;140;48;0;Returning;In-Store;Cash;2;Electronics;28.08.2024 10:18;45532,42942;1900-01;0;;
1791;South;0;15.0;2023-05-08 17:27:55.675675676;115;83;0;Returning;Direct;Credit Card;9;Clothing;08.05.2023 17:27;45054,72772;1900-01;0;;
1792;nan;19508.30186602625;5.0;2023-02-07 00:59:05.945945946;167;87;0;New;In-Store;Credit Card;9;Home & Kitchen;07.02.2023 0:59;44964,04103;1900-01;0;;
1793;North;15057.044464245413;15.0;2024-07-19 20:00:43.243243240;198;24;0;VIP;Direct;Credit Card;1;Home & Kitchen;19.07.2024 20:00;45492,83383;1900-01;0;;
1794;West;14482.053413921145;5.0;2023-09-08 08:18:44.324324324;147;11;0;VIP;Direct;Cash;6;Toys;08.09.2023 8:18;45177,34634;1900-01;0;;
1795;North;20899.470755767394;5.0;2024-02-20 18:05:24.324324324;155;98;0;Returning;In-Store;Bank Transfer;10;Toys;20.02.2024 18:05;45342,75375;1900-01;0;;
1796;East;26960.011431722996;5.0;2023-03-17 08:37:28.648648648;163;55;0;New;Direct;Bank Transfer;8;Sports;17.03.2023 8:37;45002,35935;1900-01;0;;
1797;North;24591.583030011563;10.0;2023-12-19 12:41:04.864864864;158;28;0;Returning;Online;Credit Card;3;Home & Kitchen;19.12.2023 12:41;45279,52852;1900-01;0;;
1798;East;12147.496981884115;;2023-09-12 04:16:34.594594592;189;69;0;VIP;Direct;Bank Transfer;9;Clothing;12.09.2023 4:16;45181,17817;1900-01;0;;
1799;North;15051.859317148312;10.0;2024-06-15 23:39:49.189189184;161;63;0;New;Direct;Credit Card;2;Home & Kitchen;15.06.2024 23:39;45458,98598;1900-01;0;;
1800;East;24703.85593994108;;2023-07-30 18:01:04.864864864;175;59;0;VIP;Online;Bank Transfer;6;Books;30.07.2023 18:01;45137,75074;1900-01;0;;
1801;North;15087.563032308452;;2023-06-19 21:04:08.648648648;110;5;0;VIP;In-Store;Cash;1;Toys;19.06.2023 21:04;45096,87787;1900-01;0;;
1802;South;18876.834250014876;5.0;2023-11-28 10:52:58.378378376;188;51;0;New;Online;Credit Card;7;Home & Kitchen;28.11.2023 10:52;45258,45345;1900-01;0;;
1803;North;22750.26049512276;15.0;2024-03-19 05:09:54.594594592;117;21;0;New;Direct;Bank Transfer;3;Toys;19.03.2024 5:09;45370,21521;1900-01;0;;
1804;North;15158.277725681823;5.0;2023-11-02 21:47:23.243243240;118;12;0;Returning;In-Store;Cash;7;Home & Kitchen;02.11.2023 21:47;45232,90791;1900-01;0;;
1805;South;20526.8775307298;15.0;2023-03-26 22:32:04.324324324;186;50;0;Returning;Direct;Bank Transfer;4;Health & Beauty;26.03.2023 22:32;45011,93894;1900-01;0;;
1806;West;13329.872525408977;;2024-03-17 22:30:37.837837832;154;4;0;VIP;Direct;Cash;9;Toys;17.03.2024 22:30;45368,93793;1900-01;0;;
1807;West;0;5.0;2024-08-07 08:30:16.216216216;181;42;0;New;Online;Cash;5;Clothing;07.08.2024 8:30;45511,35435;1900-01;0;;
1808;North;21598.909670712685;15.0;2024-08-19 11:43:25.405405400;125;84;0;New;Online;Bank Transfer;3;Health & Beauty;19.08.2024 11:43;45523,48848;1900-01;0;;
1809;South;12035.031332341654;10.0;2023-08-15 01:52:25.945945944;105;38;0;Returning;In-Store;Bank Transfer;8;Books;15.08.2023 1:52;45153,07807;1900-01;0;;
1810;North;22202.373689801996;15.0;2024-01-08 07:49:54.594594592;103;25;0;VIP;In-Store;Cash;6;Home & Kitchen;08.01.2024 7:49;45299,32632;1900-01;0;;
1811;East;19901.811005366595;5.0;2023-11-14 09:40:54.054054052;128;14;0;VIP;In-Store;Cash;2;Sports;14.11.2023 9:40;45244,4034;1900-01;0;;
1812;East;22762.44977208574;10.0;2024-02-03 12:15:08.108108104;158;75;0;Returning;Direct;Cash;3;Books;03.02.2024 12:15;45325,51051;1900-01;0;;
1813;North;21119.570670323308;15.0;2023-03-09 16:41:48.108108108;197;32;0;New;Online;Credit Card;8;Toys;09.03.2023 16:41;44994,69569;1900-01;0;;
1814;West;26820.70214986922;15.0;2023-07-04 13:35:51.351351350;116;11;0;Returning;Online;Cash;10;Health & Beauty;04.07.2023 13:35;45111,56656;1900-01;0;;
1815;West;20626.122513239538;15.0;2024-06-10 05:43:03.783783784;142;61;0;Returning;Online;Credit Card;7;Books;10.06.2024 5:43;45453,23823;1900-01;0;;
1816;North;17852.972294373736;15.0;2024-02-06 01:33:41.621621620;179;18;0;Returning;In-Store;Cash;10;Clothing;06.02.2024 1:33;45328,06506;1900-01;0;;
1817;North;20611.487515161418;15.0;2024-02-07 23:32:36.756756756;165;27;0;Returning;Online;Credit Card;6;Sports;07.02.2024 23:32;45329,98097;1900-01;0;;
1818;East;22716.49014518194;10.0;2023-04-04 05:47:23.243243243;133;55;0;New;Online;Cash;1;Toys;04.04.2023 5:47;45020,24124;1900-01;0;;
1819;West;20244.30035162852;;2023-07-28 04:42:31.351351350;107;54;0;Returning;Online;Cash;9;Health & Beauty;28.07.2023 4:42;45135,19619;1900-01;0;;
1820;North;20202.958456019413;10.0;2023-09-22 09:30:48.648648648;112;82;1;New;In-Store;Cash;3;Books;22.09.2023 9:30;45191,39639;1900-01;0;;
1821;East;16490.041560966223;10.0;2023-05-14 11:24:41.081081080;107;87;0;Returning;Online;Bank Transfer;5;Health & Beauty;14.05.2023 11:24;45060,47547;1900-01;0;;
1822;West;16685.49541224526;10.0;2023-07-08 09:33:41.621621620;193;75;0;VIP;In-Store;Bank Transfer;7;Health & Beauty;08.07.2023 9:33;45115,39839;1900-01;0;;
1823;South;12986.973641001532;;2023-09-11 12:56:56.216216216;195;21;0;New;Online;Cash;7;Books;11.09.2023 12:56;45180,53954;1900-01;0;;
1824;East;28747.883715934695;5.0;2023-03-07 03:23:14.594594594;199;44;0;VIP;Online;Credit Card;3;Electronics;07.03.2023 3:23;44992,14113;1900-01;0;;
1825;West;13780.683823043575;;2024-02-10 12:51:10.270270268;193;5;0;Returning;Online;Credit Card;4;Home & Kitchen;10.02.2024 12:51;45332,53553;1900-01;0;;
1826;West;16535.474011020462;10.0;2024-04-27 19:27:34.054054048;164;87;0;Returning;In-Store;Cash;10;Toys;27.04.2024 19:27;45409,81081;1900-01;0;;
1827;East;16407.963672154012;15.0;2023-11-20 18:57:17.837837836;142;41;0;Returning;In-Store;Bank Transfer;7;Toys;20.11.2023 18:57;45250,78978;1900-01;0;;
1828;South;24474.621884722204;15.0;2024-07-22 09:19:16.756756752;138;59;1;New;Online;Credit Card;8;Sports;22.07.2024 9:19;45495,38838;1900-01;0;;
1829;East;18525.25160853986;10.0;2024-07-07 16:47:34.054054048;180;89;0;VIP;Direct;Bank Transfer;2;Sports;07.07.2024 16:47;45480,6997;1900-01;0;;
1830;West;0;15.0;2023-05-13 20:05:02.702702702;158;54;0;New;In-Store;Credit Card;9;Sports;13.05.2023 20:05;45059,83683;1900-01;0;;
1831;North;16632.546878780657;10.0;2024-08-18 05:04:08.648648648;183;74;0;New;In-Store;Cash;7;Toys;18.08.2024 5:04;45522,2112;1900-01;0;;
1832;North;21394.97081111901;15.0;2023-09-30 16:46:07.567567568;187;22;0;Returning;Online;Bank Transfer;8;Health & Beauty;30.09.2023 16:46;45199,69869;1900-01;0;;
1833;East;15823.264733701213;;2023-09-08 08:18:44.324324324;185;83;0;VIP;Direct;Credit Card;6;Sports;08.09.2023 8:18;45177,34634;1900-01;0;;
1834;West;30725.74563886694;5.0;2024-06-10 21:02:42.162162160;192;65;0;Returning;Online;Cash;6;Books;10.06.2024 21:02;45453,87688;1900-01;0;;
1835;North;14062.007904852435;5.0;2024-08-07 08:30:16.216216216;185;64;0;New;In-Store;Cash;9;Home & Kitchen;07.08.2024 8:30;45511,35435;1900-01;0;;
1836;West;21549.103551135137;;2023-03-10 23:21:04.864864864;143;71;0;Returning;In-Store;Cash;4;Clothing;10.03.2023 23:21;44995,97296;1900-01;0;;
1837;East;23168.884404660494;;2024-07-21 02:40:00.000000000;108;4;0;VIP;Online;Bank Transfer;5;Toys;21.07.2024 2:40;45494,11111;1900-01;0;;
1838;North;22068.995487257493;10.0;2023-08-10 14:34:57.297297296;136;65;1;Returning;Online;Bank Transfer;9;Books;10.08.2023 14:34;45148,6076;1900-01;0;;
1839;West;19073.561705611457;10.0;2023-02-01 07:02:20.540540540;173;15;0;VIP;Direct;Cash;1;Home & Kitchen;01.02.2023 7:02;44958,29329;1900-01;0;;
1840;North;19350.89650133287;10.0;2024-08-07 08:30:16.216216216;135;76;1;VIP;Direct;Bank Transfer;4;Home & Kitchen;07.08.2024 8:30;45511,35435;1900-01;0;;
1841;East;20219.05735989555;15.0;2023-03-08 10:02:31.351351351;191;22;0;Returning;In-Store;Credit Card;7;Electronics;08.03.2023 10:02;44993,41841;1900-01;0;;
1842;West;19264.989991857557;10.0;2023-09-25 14:09:00.540540540;127;86;0;New;Direct;Cash;9;Books;25.09.2023 14:09;45194,58958;1900-01;0;;
1843;North;24819.395583974547;;2023-08-26 13:45:56.756756756;141;47;0;Returning;Direct;Cash;10;Toys;26.08.2023 13:45;45164,57356;1900-01;0;;
1844;East;31052.615007956756;5.0;2023-01-17 14:30:37.837837837;142;81;0;New;In-Store;Bank Transfer;6;Sports;17.01.2023 14:30;44943,60459;1900-01;0;;
1845;North;17212.54107496083;15.0;2024-09-09 13:31:31.891891888;184;93;0;New;In-Store;Cash;8;Health & Beauty;09.09.2024 13:31;45544,56355;1900-01;0;;
1846;North;13150.98510210461;10.0;2024-05-25 06:32:04.324324320;187;46;0;Returning;In-Store;Credit Card;9;Sports;25.05.2024 6:32;45437,27227;1900-01;0;;
1847;South;19558.589758243725;15.0;2024-05-05 11:23:14.594594592;141;14;0;New;In-Store;Bank Transfer;10;Home & Kitchen;05.05.2024 11:23;45417,47447;1900-01;0;;
1848;South;32898.54668827159;15.0;2023-06-23 17:01:58.918918918;165;50;0;New;Online;Bank Transfer;4;Home & Kitchen;23.06.2023 17:01;45100,7097;1900-01;0;;
1849;East;15981.627160151345;10.0;2024-02-18 20:06:29.189189188;154;20;0;Returning;In-Store;Cash;1;Clothing;18.02.2024 20:06;45340,83784;1900-01;0;;
1850;South;28195.584027220335;15.0;2023-08-05 11:57:50.270270268;171;50;0;Returning;In-Store;Cash;8;Sports;05.08.2023 11:57;45143,4985;1900-01;0;;
1851;East;28388.5040703822;5.0;2023-07-11 14:11:53.513513512;147;33;0;Returning;In-Store;Cash;2;Electronics;11.07.2023 14:11;45118,59159;1900-01;0;;
1852;South;17232.058791460026;;2023-11-02 21:47:23.243243240;190;59;0;New;Direct;Bank Transfer;1;Home & Kitchen;02.11.2023 21:47;45232,90791;1900-01;0;;
1853;North;22844.91539592638;;2024-06-15 23:39:49.189189184;121;43;0;VIP;In-Store;Cash;7;Home & Kitchen;15.06.2024 23:39;45458,98598;1900-01;0;;
1854;East;28141.983115642688;5.0;2023-12-13 18:44:19.459459456;126;79;0;New;Online;Credit Card;10;Health & Beauty;13.12.2023 18:44;45273,78078;1900-01;0;;
1855;East;18104.361295062565;15.0;2023-12-22 01:59:38.378378376;192;12;1;VIP;Online;Cash;9;Health & Beauty;22.12.2023 1:59;45282,08308;1900-01;0;;
1856;North;18982.09819948819;10.0;2023-06-18 14:24:51.891891892;166;40;0;Returning;In-Store;Cash;9;Clothing;18.06.2023 14:24;45095,60059;1900-01;0;;
1857;East;17091.59543025678;15.0;2023-12-12 12:05:02.702702700;112;20;0;VIP;Online;Bank Transfer;3;Books;12.12.2023 12:05;45272,5035;1900-01;0;;
1858;East;14926.216346535664;5.0;2024-01-15 23:45:35.135135132;144;94;0;Returning;Direct;Cash;6;Clothing;15.01.2024 23:45;45306,98999;1900-01;0;;
1859;South;16753.612274669966;15.0;2023-04-16 09:00:32.432432432;109;38;0;Returning;In-Store;Bank Transfer;7;Clothing;16.04.2023 9:00;45032,37537;1900-01;0;;
1860;East;13880.298666188717;;2023-07-21 04:06:29.189189188;199;3;0;VIP;Online;Cash;10;Health & Beauty;21.07.2023 4:06;45128,17117;1900-01;0;;
1861;West;20170.41734129613;15.0;2023-01-01 00:00:00.000000000;108;28;0;Returning;Online;Credit Card;9;Sports;01.01.2023 0:00;44927;1900-01;0;;
1862;North;16150.13384470679;5.0;2024-04-30 08:46:07.567567568;153;56;0;VIP;In-Store;Credit Card;2;Sports;30.04.2024 8:46;45412,36536;1900-01;0;;
1863;South;0;;2023-06-16 01:06:18.378378378;126;90;0;Returning;Online;Bank Transfer;8;Sports;16.06.2023 1:06;45093,04604;1900-01;0;;
1864;South;12220.521768981864;15.0;2023-02-09 14:17:39.459459459;133;94;0;New;In-Store;Bank Transfer;7;Books;09.02.2023 14:17;44966,59559;1900-01;0;;
1865;West;21654.401161072285;15.0;2023-11-04 19:46:18.378378376;100;13;0;New;Online;Cash;4;Health & Beauty;04.11.2023 19:46;45234,82382;1900-01;0;;
1866;North;0;;2024-03-07 01:56:45.405405400;131;77;0;Returning;Direct;Cash;2;Electronics;07.03.2024 1:56;45358,08108;1900-01;0;;
1867;North;10031.321787142722;10.0;2023-07-24 08:44:41.081081080;188;66;1;Returning;Online;Credit Card;8;Toys;24.07.2023 8:44;45131,36436;1900-01;0;;
1868;South;21870.28284923786;;2024-06-23 15:35:29.729729728;192;37;0;VIP;Online;Cash;5;Toys;23.06.2024 15:35;45466,64964;1900-01;0;;
1869;East;26138.34496236646;10.0;2023-05-08 17:27:55.675675676;170;49;0;New;In-Store;Credit Card;6;Electronics;08.05.2023 17:27;45054,72772;1900-01;0;;
1870;South;13951.794906543972;5.0;2023-05-22 03:20:21.621621620;166;66;0;VIP;Online;Bank Transfer;7;Sports;22.05.2023 3:20;45068,13913;1900-01;0;;
1871;North;28362.861934188517;5.0;2023-04-07 10:25:35.135135135;183;36;0;Returning;In-Store;Cash;10;Toys;07.04.2023 10:25;45023,43443;1900-01;0;;
1872;West;22095.095046830225;;2024-02-15 15:28:17.297297296;119;54;1;Returning;Direct;Bank Transfer;1;Books;15.02.2024 15:28;45337,64464;1900-01;0;;
1873;South;16474.940721207957;;2024-02-04 03:34:46.486486484;193;26;0;VIP;In-Store;Cash;8;Health & Beauty;04.02.2024 3:34;45326,14914;1900-01;0;;
1874;North;19721.15461171147;5.0;2023-10-22 09:53:52.432432432;134;75;0;Returning;In-Store;Credit Card;4;Toys;22.10.2023 9:53;45221,41241;1900-01;0;;
1875;South;22791.63456260861;10.0;2023-05-18 22:42:09.729729728;198;72;0;New;Online;Bank Transfer;9;Books;18.05.2023 22:42;45064,94594;1900-01;0;;
1876;East;0;5.0;2023-05-05 12:49:43.783783784;190;40;0;VIP;Direct;Bank Transfer;1;Health & Beauty;05.05.2023 12:49;45051,53453;1900-01;0;;
1877;South;22693.779962231845;;2024-05-20 19:14:35.675675672;189;43;0;New;In-Store;Cash;2;Books;20.05.2024 19:14;45432,80179;1900-01;0;;
1878;South;15396.632034603168;5.0;2023-05-09 08:47:34.054054054;177;22;0;New;Online;Bank Transfer;6;Electronics;09.05.2023 8:47;45055,36637;1900-01;0;;
1879;North;20846.80412018039;;2024-09-26 19:21:48.108108104;116;20;1;New;Online;Credit Card;10;Clothing;26.09.2024 19:21;45561,80681;1900-01;0;;
1880;North;12931.4275154751;;2024-02-17 13:27:12.432432432;117;8;0;VIP;In-Store;Bank Transfer;1;Electronics;17.02.2024 13:27;45339,56056;1900-01;0;;
1881;North;19443.8696932565;5.0;2023-05-29 19:16:02.162162162;144;29;0;Returning;Online;Bank Transfer;4;Toys;29.05.2023 19:16;45075,8028;1900-01;0;;
1882;South;15480.461792676051;10.0;2023-03-31 09:49:32.972972972;192;40;0;New;In-Store;Cash;8;Health & Beauty;31.03.2023 9:49;45016,4094;1900-01;0;;
1883;nan;16322.350287051167;15.0;2024-03-27 12:25:13.513513512;183;90;0;New;In-Store;Bank Transfer;10;Books;27.03.2024 12:25;45378,51751;1900-01;0;;
1884;West;26180.465876052185;5.0;2023-11-14 09:40:54.054054052;152;30;0;New;In-Store;Cash;5;Toys;14.11.2023 9:40;45244,4034;1900-01;0;;
1885;West;25456.550602971343;15.0;2023-12-20 19:20:21.621621620;190;81;0;Returning;Direct;Cash;9;Toys;20.12.2023 19:20;45280,8058;1900-01;0;;
1886;North;23045.690604535885;5.0;2023-02-05 18:19:49.189189189;181;84;0;Returning;In-Store;Bank Transfer;6;Clothing;05.02.2023 18:19;44962,76376;1900-01;0;;
1887;North;14538.436176637104;15.0;2024-08-17 13:44:30.270270264;167;55;0;VIP;Online;Credit Card;1;Sports;17.08.2024 13:44;45521,57257;1900-01;0;;
1888;South;18417.95775152599;10.0;2023-11-18 05:38:44.324324324;164;16;0;Returning;Direct;Cash;6;Toys;18.11.2023 5:38;45248,23523;1900-01;0;;
1889;West;26065.488499895917;10.0;2023-04-01 01:09:11.351351351;100;46;0;VIP;Online;Bank Transfer;6;Clothing;01.04.2023 1:09;45017,04804;1900-01;0;;
1890;North;20708.584568199523;5.0;2024-04-05 11:00:10.810810808;157;62;0;VIP;Direct;Cash;6;Health & Beauty;05.04.2024 11:00;45387,45845;1900-01;0;;
1891;East;31596.64769990847;;2024-01-08 07:49:54.594594592;125;7;0;VIP;Direct;Credit Card;8;Health & Beauty;08.01.2024 7:49;45299,32632;1900-01;0;;
1892;East;21966.589196971858;15.0;2024-04-14 09:35:08.108108104;119;80;0;VIP;Direct;Credit Card;6;Books;14.04.2024 9:35;45396,3994;1900-01;0;;
1893;North;20960.24558245016;;2023-12-10 14:06:07.567567564;186;45;0;VIP;Direct;Cash;5;Sports;10.12.2023 14:06;45270,58758;1900-01;0;;
1894;North;18454.417678987495;;2024-02-13 02:09:43.783783780;109;59;0;New;Online;Credit Card;2;Clothing;13.02.2024 2:09;45335,09008;1900-01;0;;
1895;West;20667.704523911412;;2023-03-09 01:22:09.729729729;158;56;0;Returning;In-Store;Bank Transfer;4;Electronics;09.03.2023 1:22;44994,05705;1900-01;0;;
1896;West;19237.65081809728;10.0;2023-04-15 17:40:54.054054054;174;48;1;New;Online;Bank Transfer;10;Health & Beauty;15.04.2023 17:40;45031,73674;1900-01;0;;
1897;South;23540.543383442953;5.0;2023-05-17 16:02:52.972972972;140;27;0;VIP;In-Store;Cash;5;Sports;17.05.2023 16:02;45063,66866;1900-01;0;;
1898;West;24783.51158397292;5.0;2023-02-14 16:54:46.486486486;104;53;0;Returning;Online;Credit Card;10;Books;14.02.2023 16:54;44971,7047;1900-01;0;;
1899;East;0;10.0;2024-04-01 15:02:20.540540536;164;87;0;New;Direct;Bank Transfer;4;Electronics;01.04.2024 15:02;45383,62662;1900-01;0;;
1900;East;13343.83523221111;10.0;2024-02-29 01:20:43.243243240;116;88;0;New;Direct;Bank Transfer;2;Health & Beauty;29.02.2024 1:20;45351,05605;1900-01;0;;
1901;North;10818.973134483516;5.0;2024-01-05 03:11:42.702702700;121;73;0;VIP;In-Store;Bank Transfer;7;Health & Beauty;05.01.2024 3:11;45296,13313;1900-01;0;;
1902;West;22539.956634562717;;2023-02-26 20:07:55.675675675;197;35;1;New;In-Store;Cash;10;Books;26.02.2023 20:07;44983,83883;1900-01;0;;
1903;South;14483.16696913063;15.0;2024-05-07 09:22:09.729729728;140;51;0;New;Online;Cash;10;Books;07.05.2024 9:22;45419,39038;1900-01;0;;
1904;East;9235.547035237585;15.0;2024-07-11 12:45:24.324324320;192;84;1;New;In-Store;Bank Transfer;2;Home & Kitchen;11.07.2024 12:45;45484,53153;1900-01;0;;
1905;nan;21942.893022654822;15.0;2023-05-25 23:18:11.891891892;167;37;1;New;Online;Bank Transfer;1;Toys;25.05.2023 23:18;45071,97096;1900-01;0;;
1906;South;32464.997587163954;;2023-02-19 19:31:53.513513513;168;81;0;New;In-Store;Credit Card;5;Toys;19.02.2023 19:31;44976,81381;1900-01;0;;
1907;South;19969.645442300534;5.0;2024-01-23 15:41:15.675675672;110;95;0;VIP;In-Store;Credit Card;1;Electronics;23.01.2024 15:41;45314,65365;1900-01;0;;
1908;nan;24192.453872258207;10.0;2023-08-11 05:54:35.675675676;155;57;0;VIP;In-Store;Credit Card;1;Toys;11.08.2023 5:54;45149,24624;1900-01;0;;
1909;East;20409.146792737825;5.0;2024-06-21 02:16:56.216216216;150;8;0;New;Direct;Cash;1;Electronics;21.06.2024 2:16;45464,09509;1900-01;0;;
1910;South;19505.551734044286;;2024-09-17 20:46:50.810810808;120;79;0;VIP;Direct;Bank Transfer;6;Sports;17.09.2024 20:46;45552,86586;1900-01;0;;
1911;East;24595.382414938842;10.0;2024-07-24 07:18:11.891891888;198;95;0;VIP;Online;Cash;9;Health & Beauty;24.07.2024 7:18;45497,30429;1900-01;0;;
1912;North;18548.627279056742;;2023-06-06 11:11:42.702702702;175;94;0;Returning;In-Store;Bank Transfer;10;Home & Kitchen;06.06.2023 11:11;45083,46646;1900-01;0;;
1913;North;21336.961570359515;15.0;2023-06-23 01:42:20.540540540;125;20;0;New;Online;Credit Card;1;Home & Kitchen;23.06.2023 1:42;45100,07106;1900-01;0;;
1914;South;21608.48903098007;15.0;2023-09-14 17:35:08.108108108;118;53;0;VIP;In-Store;Credit Card;5;Health & Beauty;14.09.2023 17:35;45183,73273;1900-01;0;;
1915;West;16659.547731784754;;2024-03-02 14:39:16.756756752;159;12;0;VIP;Direct;Credit Card;9;Books;02.03.2024 14:39;45353,6106;1900-01;0;;
1916;South;24960.211747682613;10.0;2023-03-15 10:38:33.513513513;170;49;0;New;Direct;Credit Card;9;Clothing;15.03.2023 10:38;45000,44344;1900-01;0;;
1917;South;19125.201216522957;10.0;2023-10-05 04:03:36.216216216;146;17;0;Returning;In-Store;Bank Transfer;1;Clothing;05.10.2023 4:03;45204,16917;1900-01;0;;
1918;West;16221.274202535777;5.0;2023-12-04 20:09:22.162162160;170;64;0;New;In-Store;Credit Card;8;Toys;04.12.2023 20:09;45264,83984;1900-01;0;;
1919;West;22682.549217852018;15.0;2023-10-09 15:21:04.864864864;125;42;0;Returning;Direct;Bank Transfer;1;Books;09.10.2023 15:21;45208,63963;1900-01;0;;
1920;West;15507.660091044814;5.0;2023-04-20 04:58:22.702702702;139;94;0;New;Direct;Bank Transfer;8;Electronics;20.04.2023 4:58;45036,2072;1900-01;0;;
1921;North;20140.90578684564;5.0;2023-01-10 13:54:35.675675675;104;29;0;New;Online;Cash;1;Sports;10.01.2023 13:54;44936,57957;1900-01;0;;
1922;East;19954.405016778983;;2024-09-05 02:14:03.243243240;120;19;0;New;Direct;Credit Card;5;Home & Kitchen;05.09.2024 2:14;45540,09309;1900-01;0;;
1923;North;25429.47782915789;;2024-04-24 14:49:22.162162160;177;11;0;New;In-Store;Credit Card;8;Toys;24.04.2024 14:49;45406,61762;1900-01;0;;
1924;East;22373.491164399762;5.0;2024-07-26 20:36:45.405405400;103;98;0;Returning;Online;Cash;6;Health & Beauty;26.07.2024 20:36;45499,85885;1900-01;0;;
1925;North;19874.86520627428;15.0;2023-02-05 03:00:10.810810810;122;50;0;Returning;In-Store;Bank Transfer;9;Books;05.02.2023 3:00;44962,12512;1900-01;0;;
1926;East;24088.831496001436;;2024-01-12 19:07:23.243243240;183;71;0;VIP;Online;Credit Card;1;Home & Kitchen;12.01.2024 19:07;45303,79679;1900-01;0;;
1927;North;26951.037745086567;5.0;2023-03-07 03:23:14.594594594;114;58;0;New;In-Store;Bank Transfer;9;Electronics;07.03.2023 3:23;44992,14113;1900-01;0;;
1928;West;22789.051531759313;5.0;2023-06-30 17:38:01.081081080;192;34;0;Returning;Direct;Cash;1;Electronics;30.06.2023 17:38;45107,73473;1900-01;0;;
1929;South;20051.763099216903;5.0;2024-03-25 14:26:18.378378376;107;20;0;Returning;In-Store;Bank Transfer;10;Clothing;25.03.2024 14:26;45376,6016;1900-01;0;;
1930;North;13440.818838249203;5.0;2023-11-26 12:54:03.243243240;140;50;0;Returning;Online;Credit Card;10;Toys;26.11.2023 12:54;45256,53753;1900-01;0;;
1931;East;14674.431684623138;5.0;2024-01-30 00:57:39.459459456;118;88;0;New;In-Store;Bank Transfer;3;Health & Beauty;30.01.2024 0:57;45321,04003;1900-01;0;;
1932;West;18473.876478226663;5.0;2023-06-26 21:40:10.810810810;145;10;0;VIP;Online;Bank Transfer;1;Home & Kitchen;26.06.2023 21:40;45103,90289;1900-01;0;;
1933;North;16952.438989203583;;2024-07-18 13:21:26.486486480;127;32;0;Returning;In-Store;Credit Card;3;Sports;18.07.2024 13:21;45491,55655;1900-01;0;;
1934;North;19065.14348507277;15.0;2024-01-26 04:59:49.189189188;190;52;0;New;Direct;Credit Card;2;Electronics;26.01.2024 4:59;45317,20821;1900-01;0;;
1935;West;20283.249624485536;5.0;2024-04-23 08:10:05.405405400;167;15;0;Returning;Direct;Bank Transfer;2;Home & Kitchen;23.04.2024 8:10;45405,34034;1900-01;0;;
1936;North;22648.463771783652;10.0;2023-06-21 03:43:25.405405404;114;84;0;Returning;In-Store;Bank Transfer;9;Health & Beauty;21.06.2023 3:43;45098,15515;1900-01;0;;
1937;South;19647.506109704544;;2024-06-15 08:20:10.810810808;198;3;0;VIP;In-Store;Cash;8;Home & Kitchen;15.06.2024 8:20;45458,34734;1900-01;0;;
1938;North;22432.50821913101;;2023-09-12 19:36:12.972972972;136;37;0;Returning;In-Store;Credit Card;1;Toys;12.09.2023 19:36;45181,81681;1900-01;0;;
1939;South;20322.3720740506;5.0;2023-11-17 14:19:05.945945944;100;40;0;Returning;Online;Bank Transfer;4;Clothing;17.11.2023 14:19;45247,59659;1900-01;0;;
1940;South;10122.667168230644;;2023-02-24 06:49:22.162162162;166;72;0;New;In-Store;Credit Card;1;Home & Kitchen;24.02.2023 6:49;44981,28428;1900-01;0;;
1941;West;15303.323030906227;5.0;2023-07-23 17:25:02.702702702;123;40;0;New;In-Store;Cash;1;Books;23.07.2023 17:25;45130,72572;1900-01;0;;
1942;North;19279.562221391923;15.0;2023-01-20 19:08:49.729729729;126;56;0;VIP;Online;Bank Transfer;4;Clothing;20.01.2023 19:08;44946,79779;1900-01;0;;
1943;West;13951.526285794462;15.0;2023-08-02 22:39:16.756756756;139;23;1;New;Direct;Bank Transfer;2;Health & Beauty;02.08.2023 22:39;45140,94394;1900-01;0;;
1944;North;22999.643649981022;;2023-02-01 22:21:58.918918919;162;11;0;New;In-Store;Bank Transfer;3;Clothing;01.02.2023 22:21;44958,93192;1900-01;0;;
1945;North;27653.754161718487;;2023-02-19 19:31:53.513513513;160;64;0;VIP;In-Store;Credit Card;9;Home & Kitchen;19.02.2023 19:31;44976,81381;1900-01;0;;
1946;East;26093.809258486584;10.0;2024-03-21 03:08:49.729729728;135;8;0;Returning;Direct;Cash;2;Home & Kitchen;21.03.2024 3:08;45372,13112;1900-01;0;;
1947;North;18932.78564534896;;2023-04-21 11:37:39.459459458;197;93;0;VIP;Direct;Credit Card;4;Books;21.04.2023 11:37;45037,48448;1900-01;0;;
1948;West;27453.630684249758;10.0;2024-08-27 18:58:44.324324320;192;94;0;New;Online;Bank Transfer;1;Electronics;27.08.2024 18:58;45531,79079;1900-01;0;;
1949;South;20743.33728601056;15.0;2024-01-30 00:57:39.459459456;123;56;0;VIP;In-Store;Cash;2;Books;30.01.2024 0:57;45321,04003;1900-01;0;;
1950;North;18314.570144409805;15.0;2023-11-16 07:39:49.189189188;123;60;0;Returning;In-Store;Bank Transfer;5;Home & Kitchen;16.11.2023 7:39;45246,31932;1900-01;0;;
1951;East;16932.9866822953;5.0;2024-01-02 13:53:09.189189188;103;10;0;VIP;Online;Bank Transfer;10;Sports;02.01.2024 13:53;45293,57858;1900-01;0;;
1952;West;0;15.0;2023-02-17 21:32:58.378378378;166;39;0;New;Direct;Credit Card;1;Clothing;17.02.2023 21:32;44974,89789;1900-01;0;;
1953;North;18059.115907293857;10.0;2023-07-21 04:06:29.189189188;133;28;0;New;Online;Bank Transfer;7;Books;21.07.2023 4:06;45128,17117;1900-01;0;;
1954;West;20852.08111187744;;2024-06-15 08:20:10.810810808;156;49;0;VIP;Direct;Cash;4;Books;15.06.2024 8:20;45458,34734;1900-01;0;;
1955;East;20802.869905249325;5.0;2023-08-26 13:45:56.756756756;148;36;0;Returning;Online;Bank Transfer;6;Sports;26.08.2023 13:45;45164,57356;1900-01;0;;
1956;East;20015.230100767072;10.0;2023-02-21 02:11:10.270270270;186;13;0;VIP;Direct;Bank Transfer;8;Sports;21.02.2023 2:11;44978,09109;1900-01;0;;
1957;West;22184.69084873175;;2024-07-10 21:25:45.945945944;152;96;0;Returning;Online;Credit Card;6;Sports;10.07.2024 21:25;45483,89288;1900-01;0;;
1958;North;25953.231373931707;5.0;2024-02-13 02:09:43.783783780;122;36;0;Returning;Direct;Cash;2;Electronics;13.02.2024 2:09;45335,09008;1900-01;0;;
1959;South;24747.77067720662;15.0;2024-03-19 05:09:54.594594592;168;26;0;VIP;Direct;Credit Card;1;Home & Kitchen;19.03.2024 5:09;45370,21521;1900-01;0;;
1960;East;12575.510157750483;10.0;2024-04-26 12:48:17.297297296;194;86;0;Returning;Direct;Bank Transfer;8;Home & Kitchen;26.04.2024 12:48;45408,53353;1900-01;0;;
1961;North;7230.394325490226;;2024-03-20 11:49:11.351351352;152;4;1;New;Direct;Credit Card;8;Health & Beauty;20.03.2024 11:49;45371,49249;1900-01;0;;
1962;North;24671.59955619637;5.0;2024-04-11 20:16:34.594594592;161;95;0;VIP;Direct;Credit Card;9;Electronics;11.04.2024 20:16;45393,84484;1900-01;0;;
1963;South;13165.606507922894;5.0;2023-02-14 16:54:46.486486486;140;82;0;Returning;In-Store;Credit Card;6;Health & Beauty;14.02.2023 16:54;44971,7047;1900-01;0;;
1964;East;18876.172990536583;15.0;2024-09-10 04:51:10.270270264;156;64;0;New;Direct;Credit Card;1;Health & Beauty;10.09.2024 4:51;45545,2022;1900-01;0;;
1965;East;14149.434869703204;;2024-06-28 18:12:36.756756752;159;38;0;VIP;In-Store;Bank Transfer;9;Health & Beauty;28.06.2024 18:12;45471,75875;1900-01;0;;
1966;North;10990.0978120999;15.0;2024-02-29 16:40:21.621621616;153;88;0;New;Direct;Bank Transfer;3;Toys;29.02.2024 16:40;45351,69469;1900-01;0;;
1967;North;22707.31364102394;15.0;2024-04-27 19:27:34.054054048;169;87;0;New;In-Store;Cash;6;Health & Beauty;27.04.2024 19:27;45409,81081;1900-01;0;;
1968;South;23795.775801513235;;2024-02-20 18:05:24.324324324;156;22;0;New;In-Store;Credit Card;10;Books;20.02.2024 18:05;45342,75375;1900-01;0;;
1969;South;17117.4479963664;;2023-02-14 16:54:46.486486486;109;2;0;Returning;Online;Credit Card;10;Clothing;14.02.2023 16:54;44971,7047;1900-01;0;;
1970;East;7044.788539275451;;2023-01-29 17:43:47.027027027;139;31;0;VIP;Direct;Cash;9;Books;29.01.2023 17:43;44955,73874;1900-01;0;;
1971;West;17268.777758737586;10.0;2023-01-30 09:03:25.405405405;106;11;0;VIP;Online;Credit Card;3;Books;30.01.2023 9:03;44956,37737;1900-01;0;;
1972;East;21959.02002701273;;2024-01-12 19:07:23.243243240;137;92;0;Returning;Online;Cash;5;Home & Kitchen;12.01.2024 19:07;45303,79679;1900-01;0;;
1973;North;12605.442156129357;5.0;2023-09-26 20:48:17.297297296;184;46;0;VIP;Direct;Bank Transfer;5;Toys;26.09.2023 20:48;45195,86686;1900-01;0;;
1974;East;20916.799598895777;15.0;2023-04-05 12:26:40.000000000;160;96;0;New;Online;Cash;10;Health & Beauty;05.04.2023 12:26;45021,51852;1900-01;0;;
1975;West;19923.45075413502;10.0;2024-08-03 12:32:25.945945944;183;62;0;VIP;Direct;Credit Card;7;Home & Kitchen;03.08.2024 12:32;45507,52251;1900-01;0;;
1976;South;22896.457498005442;;2023-03-24 09:13:30.810810810;102;69;0;Returning;Online;Cash;4;Electronics;24.03.2023 9:13;45009,38438;1900-01;0;;
1977;West;20597.901842070765;10.0;2023-10-18 13:56:02.162162160;150;64;0;New;Direct;Bank Transfer;4;Electronics;18.10.2023 13:56;45217,58058;1900-01;0;;
1978;West;15134.655295592223;;2024-02-12 10:50:05.405405404;185;10;0;Returning;Direct;Credit Card;7;Home & Kitchen;12.02.2024 10:50;45334,45145;1900-01;0;;
1979;West;25982.857508322457;10.0;2024-07-13 10:44:19.459459456;146;40;0;New;Direct;Bank Transfer;9;Clothing;13.07.2024 10:44;45486,44744;1900-01;0;;
1980;South;19207.35213486515;15.0;2024-02-07 08:12:58.378378376;167;24;0;New;In-Store;Bank Transfer;4;Home & Kitchen;07.02.2024 8:12;45329,34234;1900-01;0;;
1981;West;19863.47730245034;15.0;2024-09-08 06:52:15.135135128;191;99;0;VIP;Online;Cash;4;Home & Kitchen;08.09.2024 6:52;45543,28628;1900-01;0;;
1982;West;15333.66020463402;5.0;2024-09-28 02:01:04.864864864;175;44;0;New;In-Store;Bank Transfer;6;Toys;28.09.2024 2:01;45563,08407;1900-01;0;;
1983;West;17783.58874404245;5.0;2024-07-08 08:07:12.432432432;137;60;0;Returning;Online;Credit Card;6;Electronics;08.07.2024 8:07;45481,33833;1900-01;0;;
1984;North;15575.986429865496;;2023-11-18 20:58:22.702702700;135;62;1;VIP;Online;Bank Transfer;7;Electronics;18.11.2023 20:58;45248,87387;1900-01;0;;
1985;West;19135.269700382883;15.0;2024-08-15 15:45:35.135135136;140;87;0;Returning;Online;Bank Transfer;1;Health & Beauty;15.08.2024 15:45;45519,65666;1900-01;0;;
1986;South;28558.542400711718;10.0;2024-05-08 16:01:26.486486480;168;17;0;New;In-Store;Cash;3;Books;08.05.2024 16:01;45420,66766;1900-01;0;;
1987;West;13140.494285343219;10.0;2023-06-05 04:32:25.945945946;112;65;0;Returning;Online;Bank Transfer;9;Home & Kitchen;05.06.2023 4:32;45082,18918;1900-01;0;;
1988;West;11932.193010616294;10.0;2023-10-30 01:49:32.972972972;186;95;0;Returning;In-Store;Cash;6;Home & Kitchen;30.10.2023 1:49;45229,07606;1900-01;0;;
1989;South;27355.851637468044;5.0;2023-09-01 07:42:42.162162160;157;95;0;New;Direct;Cash;6;Clothing;01.09.2023 7:42;45170,32132;1900-01;0;;
1990;West;18953.38161424067;10.0;2023-03-07 03:23:14.594594594;149;57;0;VIP;Online;Credit Card;5;Sports;07.03.2023 3:23;44992,14113;1900-01;0;;
1991;South;16654.636306700417;5.0;2023-11-08 15:44:08.648648648;129;55;0;Returning;Online;Credit Card;3;Sports;08.11.2023 15:44;45238,65565;1900-01;0;;
1992;West;25199.52343698038;5.0;2023-01-23 23:47:01.621621621;161;53;1;New;Direct;Credit Card;5;Electronics;23.01.2023 23:47;44949,99098;1900-01;0;;
1993;South;16971.92230131568;;2024-02-22 00:44:41.081081080;124;56;1;VIP;Direct;Credit Card;1;Clothing;22.02.2024 0:44;45344,03103;1900-01;0;;
1994;West;29130.04856773468;10.0;2023-12-16 23:22:31.351351348;126;98;0;VIP;Online;Cash;3;Toys;16.12.2023 23:22;45276,97397;1900-01;0;;
1995;West;23389.629356696347;10.0;2023-11-28 10:52:58.378378376;150;9;0;VIP;Direct;Bank Transfer;4;Health & Beauty;28.11.2023 10:52;45258,45345;1900-01;0;;
1996;North;17560.442959271488;15.0;2024-04-18 20:52:36.756756752;177;22;0;Returning;In-Store;Credit Card;5;Clothing;18.04.2024 20:52;45400,86986;1900-01;0;;
1997;North;30786.541066327518;;2023-08-01 00:40:21.621621620;156;13;0;Returning;In-Store;Credit Card;10;Electronics;01.08.2023 0:40;45139,02802;1900-01;0;;
1998;West;16971.425384983308;15.0;2023-09-10 21:37:17.837837836;146;89;0;Returning;Online;Credit Card;9;Toys;10.09.2023 21:37;45179,90089;1900-01;0;;
1999;West;23710.476860046536;;2023-07-08 09:33:41.621621620;199;48;0;VIP;In-Store;Bank Transfer;4;Home & Kitchen;08.07.2023 9:33;45115,39839;1900-01;0;;
2000;East;21496.46290203246;10.0;2023-03-09 16:41:48.108108108;138;18;0;Returning;In-Store;Credit Card;3;Toys;09.03.2023 16:41;44994,69569;1900-01;0;;
